-44,12,14,15,13,16,16,18,14
-44,14,13,15,13,14,17,17,13
-44,13,15,15,15,13,17,16,13
-44,15,15,14,15,14,18,15,11
-44,14,17,12,15,15,18,16,14
-44,16,16,16,17,13,17,12,14
-44,14,16,17,17,13,15,13,13
-44,14,15,17,15,15,15,13,15
-44,12,15,17,15,14,14,13,16
-44,14,13,17,17,14,16,14,14
-44,14,14,13,14,13,17,15,16
-44,14,14,12,14,14,18,15,16
-44,15,13,12,15,14,20,14,14
-44,15,17,13,14,17,22,15,15
-44,15,17,13,12,17,22,15,14
-44,17,18,17,13,18,23,17,13
-44,18,18,17,13,18,22,17,14
-44,18,18,17,14,17,21,17,13
-44,17,15,17,13,14,23,18,13
-44,17,15,18,16,13,22,16,14
-44,14,13,16,15,13,20,15,14
-44,12,13,15,14,12,24,14,14
-44,12,14,16,13,12,23,15,15
-44,13,16,17,15,13,21,13,14
-44,12,15,16,12,17,28,16,14
-44,14,14,15,16,18,33,16,14
-44,13,14,16,16,17,32,17,15
-44,14,13,16,17,17,32,15,12
-44,12,12,15,16,17,31,15,13
-44,12,15,14,16,15,24,14,11
-44,11,15,14,15,16,26,13,13
-44,11,16,13,16,17,26,15,13
-44,11,16,13,16,18,25,15,14
-44,12,19,13,16,17,26,18,15
-44,14,18,14,18,17,27,18,16
-44,14,19,13,18,15,19,19,17
-44,13,19,13,16,16,21,17,16
-44,15,19,13,17,16,24,18,15
-44,17,18,13,16,16,24,16,16
-44,16,17,13,13,18,26,17,16
-44,16,17,13,13,17,25,15,13
-44,16,16,14,13,15,25,15,15
-44,15,19,17,13,17,31,15,15
-44,14,19,16,14,17,32,14,13
-44,14,20,16,14,15,31,12,13
-44,14,20,17,15,16,31,13,13
-44,14,20,17,16,17,31,14,13
-43,15,19,15,14,16,29,14,13
-43,13,19,15,14,17,28,13,13
-43,14,18,15,14,19,27,16,14
-43,14,18,16,12,18,27,16,17
-43,15,20,18,14,18,27,16,16
-43,15,19,18,14,18,27,17,16
-43,15,18,17,15,19,26,17,17
-43,15,20,18,17,17,27,17,16
-43,14,19,16,17,18,29,16,14
-43,14,16,14,15,18,34,16,14
-43,14,16,13,15,18,29,17,14
-43,14,18,13,13,16,29,18,12
-43,13,15,13,14,16,30,16,13
-43,15,17,14,16,14,29,19,14
-43,15,18,13,17,14,27,20,14
-43,15,18,13,17,13,25,18,15
-43,15,17,13,17,13,26,18,16
-43,17,18,13,15,13,25,18,17
-43,16,16,13,16,14,24,15,16
-43,15,16,13,17,14,25,16,16
-43,14,18,13,17,13,26,16,16
-43,15,17,13,18,13,26,19,17
-43,13,17,14,19,13,27,20,15
-43,12,17,13,18,13,27,21,16
-43,15,20,16,18,17,24,19,17
-43,16,17,17,16,17,24,19,16
-43,16,20,18,17,19,24,19,15
-43,15,19,17,16,21,23,18,16
-43,16,18,17,16,20,23,16,13
-43,14,15,16,17,18,25,18,13
-43,14,16,15,18,17,25,18,12
-43,13,14,15,18,17,23,17,12
-43,17,17,18,19,16,24,16,13
-43,21,19,20,20,17,24,16,14
-43,22,22,22,19,17,27,15,16
-43,22,22,23,19,17,28,16,17
-43,22,23,23,19,17,28,15,18
-43,20,21,22,18,16,26,15,17
-43,16,19,21,16,15,26,15,18
-43,16,17,19,16,14,24,15,18
-43,15,19,18,18,14,23,14,16
-43,14,17,17,17,14,23,14,15
-43,14,18,18,17,13,23,15,17
-43,14,19,18,19,15,24,14,16
-43,14,19,17,17,15,22,15,15
-43,16,17,17,16,16,22,15,16
-43,16,17,18,17,16,22,16,16
-43,16,15,16,16,16,21,16,13
-43,15,14,16,15,15,22,16,13
-43,14,14,15,15,15,24,16,13
-43,12,15,14,15,14,25,16,12
-43,12,15,14,14,13,26,16,14
-42,13,14,14,14,14,29,15,14
-42,14,15,11,14,14,27,15,14
-42,14,17,19,14,15,23,15,14
-42,13,17,18,13,17,24,16,12
-42,13,16,17,15,18,24,16,10
-42,13,16,19,14,18,23,17,13
-42,11,16,19,13,18,25,18,13
-42,11,13,14,14,16,24,17,14
-42,12,12,15,17,15,22,15,14
-42,12,11,16,17,15,21,16,17
-42,12,14,17,17,15,20,15,16
-42,13,17,19,19,17,27,16,16
-42,12,17,19,19,17,29,17,15
-42,13,18,19,17,18,30,17,15
-42,13,19,20,16,18,29,17,12
-42,12,17,17,16,18,29,18,12
-42,13,15,16,16,17,24,17,11
-42,16,16,16,15,18,26,17,12
-42,15,16,15,15,16,26,17,14
-42,15,15,13,15,15,28,18,13
-42,17,16,15,16,14,28,16,14
-42,15,15,14,14,13,27,15,14
-42,13,17,14,14,14,22,16,15
-42,14,17,16,15,15,28,15,15
-42,14,17,16,16,14,29,13,15
-42,11,19,16,17,15,32,13,14
-42,13,18,16,17,14,33,16,14
-42,14,16,16,17,13,33,15,13
-42,12,16,16,16,11,27,15,18
-42,13,15,17,16,11,28,16,18
-42,14,12,17,14,11,23,16,18
-42,13,13,16,14,12,24,15,19
-42,13,14,16,14,13,22,15,18
-42,14,15,16,15,14,23,15,13
-42,13,16,15,14,15,26,16,13
-42,14,16,16,17,14,27,16,14
-42,13,17,16,17,15,26,17,12
-42,12,16,17,19,17,26,15,12
-42,12,16,16,19,17,27,16,14
-42,11,15,15,18,16,22,18,15
-42,11,15,15,16,19,27,19,14
-42,12,14,16,17,18,28,18,15
-42,13,15,17,15,16,29,18,15
-42,13,15,17,13,16,28,18,14
-42,14,16,17,14,16,27,16,13
-42,14,17,19,15,16,22,16,13
-42,14,19,18,17,17,24,16,13
-42,15,19,17,16,16,24,17,13
-42,17,24,17,18,17,23,15,12
-42,15,24,18,18,18,23,14,13
-41,15,23,15,19,16,23,14,13
-41,16,22,16,18,17,27,15,13
-41,14,23,16,19,17,27,14,13
-41,14,17,15,17,17,28,14,13
-41,16,18,14,19,15,27,16,14
-41,15,19,16,18,16,29,14,14
-41,14,20,15,17,17,21,15,14
-41,14,18,14,17,17,22,15,14
-41,13,21,16,18,17,24,15,16
-41,13,19,16,18,16,25,16,14
-41,14,19,14,16,16,22,15,16
-41,15,18,14,16,13,22,16,16
-41,14,19,14,16,13,23,17,16
-41,14,19,14,15,16,19,17,15
-41,14,18,15,13,17,20,16,15
-41,14,19,16,13,18,25,16,17
-41,15,20,15,13,17,26,15,17
-41,17,21,17,15,18,24,14,17
-41,16,18,18,15,17,23,13,17
-41,15,19,18,15,16,23,12,17
-41,16,18,16,16,16,25,12,13
-41,15,21,19,15,16,25,14,14
-41,14,20,16,14,14,24,14,16
-41,15,19,15,15,14,27,17,16
-41,15,18,16,15,16,27,17,17
-41,15,18,18,17,17,25,17,18
-41,13,15,16,18,16,26,18,17
-41,12,16,17,17,17,26,17,16
-41,10,16,18,17,18,25,15,15
-41,11,18,18,16,16,26,15,13
-41,11,16,17,16,16,35,17,11
-41,11,19,17,15,16,35,16,12
-41,12,18,16,16,16,35,17,13
-41,12,19,16,16,14,36,16,14
-41,11,17,15,16,14,37,18,15
-41,13,17,16,14,12,25,18,16
-41,14,16,15,16,12,25,19,16
-41,14,18,16,15,12,29,20,15
-41,15,17,15,14,11,29,21,16
-41,15,18,15,16,11,28,19,16
-41,14,19,14,19,14,26,17,16
-41,14,17,14,19,16,30,16,17
-41,13,14,16,18,17,28,14,17
-41,13,16,16,19,20,32,14,15
-41,14,16,16,19,21,34,14,14
-41,14,15,16,17,20,34,14,15
-41,14,15,16,18,20,35,15,15
-41,14,15,14,18,19,35,14,15
-41,14,13,16,17,32,31,15,16
-41,15,17,22,48,231,117,21,18
-40,17,19,22,51,321,130,24,18
-40,18,19,23,54,341,130,24,20
-40,18,19,23,55,356,131,25,20
-40,18,19,22,56,358,132,25,20
-40,18,18,16,35,280,74,19,18
-40,15,15,14,30,175,57,18,18
-40,16,16,14,25,135,56,18,17
-40,15,18,15,21,91,53,17,16
-40,15,19,13,20,77,50,17,16
-40,14,19,16,30,154,126,19,18
-40,26,27,22,86,260,225,33,30
-40,225,47,38,175,385,301,202,179
-40,429,91,73,304,526,403,415,385
-40,656,169,117,541,708,598,687,557
-40,843,440,272,785,808,713,911,781
-40,998,517,369,863,889,769,1052,980
-40,1098,598,480,995,917,950,1161,1143
-40,1117,684,587,1103,962,1027,1212,1164
-40,1205,706,614,1085,908,1066,1151,1339
-40,1268,699,597,1084,870,1064,1120,1389
-40,1314,838,670,1108,827,1098,1112,1366
-40,1287,870,729,1124,823,1100,1134,1311
-40,1471,882,704,1080,745,1107,1175,1458
-40,1398,913,731,1111,757,1079,1236,1301
-40,1347,878,739,1018,702,1061,1208,1181
-40,1295,725,672,979,705,1084,1183,1202
-40,1428,755,553,931,651,1014,1099,1261
-40,1254,697,486,849,664,1017,1083,1157
-40,1289,674,428,775,655,1037,1000,1246
-40,1204,669,472,801,747,1128,1014,1245
-40,1174,679,438,803,696,1098,999,1340
-40,1022,542,433,731,707,1077,1213,1286
-40,1041,550,485,821,684,1038,1154,1285
-40,912,610,594,887,651,1060,1217,1257
-40,1067,581,566,829,591,1010,1226,1380
-40,1122,584,668,836,692,1116,1212,1318
-40,1082,622,683,869,699,1113,999,1307
-40,1035,631,674,904,692,1129,1096,1239
-40,1118,571,687,873,690,1129,1055,1190
-40,1184,614,690,1020,653,1163,1053,1179
-40,1195,647,593,991,536,1088,1068,1106
-40,1331,708,574,976,581,1147,1153,1195
-40,1378,686,554,885,565,1146,1104,1310
-40,1331,693,413,894,582,1195,1140,1339
-40,1170,673,413,789,569,1229,1179,1305
-40,1077,627,433,859,578,1190,1188,1279
-40,916,552,488,868,599,1196,1204,1196
-40,958,590,543,983,580,1235,1218,1291
-40,1039,620,542,934,501,1175,1299,1372
-40,1047,648,512,930,514,1119,1252,1369
-39,1093,660,515,897,569,1244,1264,1448
-39,1164,639,461,902,458,1232,1327,1487
-39,1072,576,411,789,455,1175,1311,1338
-39,1075,620,411,789,475,1188,1254,1228
-39,1136,679,410,807,549,1187,1266,1199
-39,1151,728,456,807,525,1136,1256,1181
-39,1198,774,460,837,611,1160,1138,1286
-39,1352,799,488,924,697,1178,1060,1393
-39,1305,716,504,935,704,1163,992,1427
-39,1242,638,526,922,644,1147,955,1428
-39,1227,586,502,895,631,1138,1046,1417
-39,1203,632,518,872,581,1095,1064,1307
-39,1048,652,499,782,551,1186,1080,1201
-39,1049,634,485,782,534,1120,1048,1150
-39,1140,648,453,757,550,1102,1052,1198
-39,1086,648,423,819,541,1070,1048,1168
-39,965,550,397,782,483,1067,1024,1174
-39,1065,500,379,801,449,917,1057,1210
-39,1113,496,374,768,491,967,1127,1275
-39,1078,494,370,730,508,1016,1136,1272
-39,1122,502,348,627,534,998,1027,1290
-39,1179,543,353,612,560,995,1040,1247
-39,1056,578,362,585,590,1104,1102,1216
-39,1053,606,361,582,580,1175,1111,1186
-39,979,596,401,606,581,1129,1088,1179
-39,989,552,391,610,538,1143,1090,1099
-39,1116,635,394,668,516,1177,1039,1171
-39,1228,613,369,619,486,1081,956,1186
-39,1170,582,358,654,486,1037,1003,1133
-39,1245,570,309,645,458,1136,1001,1075
-39,1249,598,306,756,496,1110,1009,1194
-39,1168,522,304,703,510,1040,1001,1212
-39,1124,554,304,751,473,1129,1046,1224
-39,1168,583,322,753,487,1232,957,1254
-39,1272,570,319,733,497,1197,950,1293
-39,1308,576,330,672,520,1209,948,1239
-39,1287,517,313,671,541,1197,1024,1119
-39,1305,540,315,662,563,1273,1020,1206
-39,1274,568,323,704,558,1167,1010,1215
-39,1141,531,306,717,578,1115,1030,1251
-39,1124,552,290,720,568,1159,1113,1246
-39,1099,548,290,747,549,1188,1066,1243
-39,1066,506,280,745,513,1127,995,1119
-39,1090,444,231,729,467,1095,1017,1139
-39,1105,497,243,743,455,1126,1035,1067
-39,1049,442,241,746,383,1025,925,1094
-39,1070,494,231,673,403,1041,896,1161
-39,1030,512,223,691,387,921,866,1146
-39,1032,538,230,637,393,867,744,1160
-38,977,614,321,735,393,847,676,1114
-38,966,629,320,703,390,922,748,1104
-38,966,577,334,782,350,942,823,1088
-38,990,575,370,812,381,959,904,1096
-38,939,617,396,864,427,983,1007,1059
-38,946,506,317,784,405,954,1105,1114
-38,1147,468,336,819,402,944,1097,1167
-38,1122,561,326,785,409,946,1131,1192
-38,1155,526,300,739,434,1040,1131,1214
-38,1273,536,285,728,378,1047,1184,1291
-38,1287,571,320,706,415,1140,1133,1274
-38,1220,693,303,664,454,1159,1152,1257
-38,1218,685,340,775,487,1181,1086,1263
-38,1183,718,345,768,474,1109,1070,1321
-38,1099,702,346,720,513,1170,1089,1294
-38,1222,689,334,719,481,1113,1032,1328
-38,1174,656,344,761,538,1140,1031,1267
-38,1220,609,378,751,502,1096,1047,1292
-38,1260,575,380,726,514,1093,1101,1237
-38,1315,622,362,708,496,1066,1003,1199
-38,1230,734,357,706,483,1089,1081,1223
-38,1164,713,375,680,385,1082,1091,1374
-38,1120,744,319,625,409,1060,1148,1308
-38,1096,796,316,619,359,1149,1088,1292
-38,1115,729,324,614,339,1094,1035,1320
-38,1074,607,338,652,402,1049,968,1253
-38,1091,570,331,696,421,999,904,1109
-38,1083,602,355,655,398,977,788,1142
-38,1058,666,348,660,519,961,753,1085
-38,930,694,389,744,530,989,906,952
-38,973,710,393,744,525,1080,944,994
-38,974,719,370,716,545,1100,948,961
-38,1039,683,344,711,574,1137,934,975
-38,1083,558,349,784,525,1061,1032,1105
-38,1137,540,329,795,552,1190,948,1369
-38,1113,604,326,794,526,1086,905,1411
-38,1134,613,353,781,525,1047,937,1385
-38,1095,621,348,775,496,1132,1011,1423
-38,1065,618,332,696,476,1234,1057,1386
-38,1086,654,341,650,453,1086,1177,1207
-38,1187,696,343,650,427,1068,1167,1120
-38,1214,679,357,709,439,1060,1108,1234
-38,1231,764,357,730,444,962,1078,1198
-38,1219,787,367,773,420,790,1013,1195
-38,1155,755,348,784,423,908,1006,1193
-38,1020,647,324,759,473,953,1015,1234
-38,1037,756,291,685,492,1059,1096,1190
-38,987,660,271,676,510,1078,1063,1221
-38,1005,753,302,670,524,1076,1101,1184
-38,1103,749,304,652,540,1064,1026,1182
-38,1140,799,356,740,519,1098,1073,1155
-37,1197,725,348,798,481,1000,1036,1111
-37,1199,777,379,789,513,1081,1067,1078
-37,1201,703,366,836,560,1120,1040,1119
-37,1151,745,364,818,552,1045,1004,1253
-37,1207,687,352,729,554,1057,989,1302
-37,1093,737,368,675,535,1102,976,1317
-37,1204,672,342,695,493,982,1021,1285
-37,1210,621,370,666,443,931,1011,1315
-37,1267,576,392,684,448,1032,1062,1284
-37,1219,735,392,737,460,1069,1030,1247
-37,1250,741,380,734,448,1075,1089,1309
-37,1152,730,392,707,456,1123,1089,1356
-37,1108,747,354,663,496,1161,1031,1248
-37,1045,810,341,668,453,1038,927,1168
-37,970,686,293,588,423,916,908,1135
-37,933,602,294,569,459,968,849,1089
-37,956,700,295,613,449,983,732,1162
-37,963,689,314,663,420,980,827,1172
-37,1113,662,321,647,503,1096,853,1278
-37,1334,710,345,675,519,1147,866,1431
-37,1356,794,389,727,564,1171,892,1461
-37,1374,780,396,679,627,1167,1037,1404
-37,1440,836,384,639,651,1226,1040,1526
-37,1379,837,356,747,726,1307,1122,1478
-37,1239,822,359,831,803,1338,1176,1462
-37,1456,833,339,814,783,1345,1178,1527
-37,1488,912,413,908,756,1331,1130,1508
-37,1503,898,483,966,730,1290,1057,1506
-37,1472,852,517,931,631,1165,1036,1491
-37,1466,993,556,933,539,1208,1052,1421
-37,1406,962,535,898,548,1214,1026,1361
-37,1364,820,482,862,526,1164,994,1413
-37,1248,867,417,809,529,1200,1100,1336
-37,1276,925,376,785,564,1185,1173,1375
-37,1373,799,374,748,618,1200,1102,1434
-37,1167,754,434,798,634,1081,1125,1353
-37,1162,830,471,817,669,1179,1187,1298
-37,1140,773,486,809,642,1109,1106,1252
-37,1111,829,513,820,584,1191,1001,1190
-37,1247,869,463,785,572,1087,1056,1272
-37,1339,953,461,831,593,1211,1017,1346
-37,1365,949,484,803,644,1244,974,1379
-37,1501,1001,476,842,662,1338,955,1455
-37,1492,912,475,790,683,1331,865,1548
-37,1346,811,471,774,657,1293,850,1391
-37,1306,726,421,693,599,1215,854,1357
-37,1252,693,349,641,531,1082,767,1280
-37,1173,693,368,549,537,1089,752,1305
-37,1141,735,320,525,499,963,741,1140
-37,1036,740,349,559,485,982,634,1106
-36,962,718,343,503,452,977,643,1038
-36,897,692,304,444,377,942,586,990
-36,798,628,236,419,637,824,626,787
-36,725,562,222,400,705,972,666,677
-36,617,553,144,249,696,1007,639,563
-36,551,498,127,251,854,924,521,531
-36,507,436,134,268,932,905,481,459
-36,417,303,144,231,761,816,338,418
-36,291,209,140,213,721,621,186,397
-36,293,192,130,262,834,531,239,432
-36,280,461,185,418,877,665,342,685
-36,320,602,246,471,980,757,517,832
-36,412,609,237,485,1023,761,546,891
-36,425,617,240,492,1022,749,550,890
-36,407,617,252,492,931,689,520,855
-36,365,472,229,391,740,514,450,613
-36,321,289,147,294,470,339,222,388
-36,180,274,134,262,346,293,132,204
-36,149,250,128,249,411,261,104,159
-36,131,219,105,192,395,213,94,134
-36,110,140,57,124,421,210,86,114
-36,80,90,57,111,421,204,64,91
-36,74,68,60,112,412,212,58,83
-36,48,65,79,141,365,178,55,78
-36,42,57,72,132,357,182,51,71
-36,33,50,69,133,323,188,43,51
-36,24,35,65,130,307,180,39,46
-36,18,27,61,115,297,161,37,40
-36,21,28,40,62,186,158,34,36
-36,19,30,45,58,206,155,32,35
-36,17,28,46,54,215,153,29,28
-36,18,27,47,49,217,166,28,21
-36,19,29,53,57,223,175,22,20
-36,19,33,50,55,220,169,21,19
-36,20,32,44,49,170,163,21,20
-36,21,29,41,43,122,157,17,15
-36,22,31,44,47,172,188,22,15
-36,22,30,44,55,194,187,24,15
-36,21,26,44,58,204,191,23,13
-36,23,28,52,62,204,190,24,13
-36,21,27,55,61,202,172,25,16
-36,20,27,53,59,147,139,27,16
-36,19,28,48,39,97,121,26,17
-36,19,31,58,40,64,139,26,18
-36,15,27,52,35,54,136,26,17
-36,21,30,52,38,47,145,30,16
-36,22,29,52,35,52,121,26,17
-36,22,27,50,35,49,120,27,17
-36,24,29,50,32,69,113,28,17
-36,24,31,53,35,73,115,28,17
-35,19,27,50,31,71,99,23,16
-35,23,33,55,36,77,125,23,16
-35,22,37,56,38,80,123,23,18
-35,19,31,42,34,62,100,20,18
-35,20,29,36,38,61,103,19,18
-35,21,29,39,44,61,114,21,18
-35,18,24,33,41,43,172,20,17
-35,20,19,46,42,43,192,19,15
-35,19,20,45,41,45,206,19,16
-35,21,22,49,34,40,208,21,16
-35,23,32,51,34,42,209,20,16
-35,22,34,52,38,42,147,18,15
-35,21,36,44,35,47,137,17,15
-35,23,36,45,35,55,171,17,13
-35,20,36,41,37,58,166,18,15
-35,19,31,40,37,57,164,16,14
-35,19,34,43,36,61,191,19,14
-35,18,29,40,37,54,179,19,13
-35,20,31,42,38,44,136,19,16
-35,21,35,50,40,47,195,20,13
-35,19,37,48,36,48,198,20,14
-35,22,38,52,36,45,175,18,14
-35,21,41,53,36,46,185,18,15
-35,21,51,66,38,51,192,18,14
-35,23,47,64,34,49,137,15,16
-35,24,44,64,33,53,135,17,15
-35,22,42,57,33,57,139,18,16
-35,22,40,54,32,55,132,19,17
-35,20,29,47,29,53,139,20,17
-35,19,30,43,28,50,137,20,16
-35,19,29,41,27,45,128,19,16
-35,19,28,43,32,40,158,19,16
-35,19,33,47,35,41,167,20,15
-35,17,30,33,35,44,175,18,16
-35,20,33,42,44,52,176,19,19
-35,18,32,42,44,52,183,19,20
-35,19,37,46,38,60,206,18,19
-35,20,33,46,38,61,204,17,19
-35,23,33,56,41,61,207,18,18
-35,21,31,54,32,57,215,19,14
-35,21,32,55,35,56,211,18,13
-35,21,32,53,40,45,155,16,13
-35,21,33,50,39,42,151,17,13
-35,19,34,42,39,46,149,20,13
-35,18,33,38,38,44,140,18,14
-35,20,35,49,46,48,188,19,16
-35,19,31,48,46,50,193,19,16
-35,18,30,52,45,50,189,19,17
-35,18,30,53,49,50,182,19,17
-35,19,29,50,49,56,201,25,17
-34,19,31,40,41,55,161,24,14
-34,21,29,39,42,55,167,26,13
-34,22,31,38,43,56,170,26,14
-34,21,30,34,33,50,146,25,17
-34,20,32,42,38,44,117,19,17
-34,20,34,56,46,50,127,20,17
-34,18,33,54,46,51,118,18,17
-34,17,33,53,47,54,120,18,18
-34,17,34,53,46,52,118,16,17
-34,16,31,63,44,52,115,18,17
-34,15,22,53,35,46,123,18,17
-34,17,21,54,30,42,137,18,19
-34,17,21,55,29,41,138,20,17
-34,18,19,57,28,39,140,19,17
-34,18,30,42,31,41,166,18,16
-34,17,30,47,31,41,149,16,16
-34,16,36,46,32,42,137,20,16
-34,15,35,45,31,40,133,19,15
-34,17,39,46,33,38,142,19,15
-34,19,33,47,34,35,126,20,16
-34,19,37,44,33,36,126,21,16
-34,21,32,56,39,40,133,17,15
-34,24,31,57,38,39,126,18,15
-34,27,31,61,43,46,148,20,17
-34,25,29,58,40,45,141,19,17
-34,25,28,55,41,44,149,19,18
-34,23,28,45,36,43,141,19,17
-34,23,36,48,43,46,167,17,18
-34,17,30,39,37,40,164,16,17
-34,17,32,38,36,38,155,20,17
-34,18,29,38,39,38,145,19,17
-34,19,30,37,37,44,158,20,18
-34,17,22,31,29,46,155,21,17
-34,19,26,35,31,54,138,21,17
-34,19,24,36,32,53,147,17,17
-34,18,27,43,32,54,146,17,15
-34,17,27,41,33,48,132,15,13
-34,18,29,42,37,50,131,15,16
-34,17,25,38,35,43,147,15,14
-34,20,31,54,39,51,157,18,16
-34,19,31,52,35,51,160,19,18
-34,25,38,59,35,49,168,19,18
-34,24,36,59,32,46,162,20,17
-34,23,37,59,33,46,144,19,18
-34,22,36,48,28,43,156,18,18
-34,23,36,53,30,41,165,20,18
-34,17,28,48,30,50,196,24,18
-34,18,30,50,31,50,195,24,16
-34,19,33,51,28,52,195,23,15
-33,18,37,51,29,49,177,23,13
-33,19,41,44,26,59,212,22,13
-33,18,43,48,30,51,186,19,13
-33,17,41,45,29,50,188,18,13
-33,18,42,45,33,50,194,20,15
-33,18,35,51,37,50,201,20,18
-33,18,33,52,39,41,167,21,18
-33,18,30,43,35,42,175,21,19
-33,19,31,46,35,41,176,21,18
-33,18,29,46,35,39,170,19,17
-33,20,37,39,36,40,170,19,16
-33,19,34,40,36,39,156,18,17
-33,20,40,51,45,38,148,22,16
-33,19,38,48,46,38,127,22,16
-33,20,39,49,46,39,165,23,17
-33,19,36,51,45,36,147,22,19
-33,18,35,48,44,35,155,22,19
-33,18,30,41,38,42,185,22,20
-33,22,37,53,43,45,198,23,20
-33,22,35,52,43,43,187,24,18
-33,20,32,48,39,45,197,24,15
-33,20,33,45,38,49,194,25,15
-33,24,48,57,47,42,154,21,14
-33,21,43,47,41,36,143,19,15
-33,24,45,47,42,50,137,23,17
-33,25,44,45,46,131,131,24,17
-33,25,43,47,54,191,128,23,18
-33,21,26,37,56,209,131,22,17
-33,22,26,40,57,224,126,25,18
-33,20,26,45,60,226,130,21,19
-33,19,27,50,58,193,122,21,18
-33,18,31,54,55,138,144,21,17
-33,19,30,49,43,112,178,23,17
-33,21,34,59,46,89,191,20,17
-33,21,32,55,39,87,178,20,14
-33,23,34,56,41,85,183,17,14
-33,23,32,51,33,79,192,17,14
-33,22,33,52,34,87,186,16,17
-33,19,28,40,44,151,180,20,20
-33,18,29,45,66,275,175,23,22
-33,16,25,39,67,295,180,23,23
-33,17,25,40,71,303,153,23,24
-33,20,25,45,75,303,135,22,23
-33,19,27,52,71,284,146,19,21
-33,19,30,51,53,180,143,17,19
-33,18,29,50,55,151,132,19,16
-33,18,35,51,53,139,159,19,14
-33,12,36,46,48,136,177,19,12
-33,13,35,43,46,123,176,19,16
-33,14,32,40,62,151,197,18,19
-32,19,40,59,106,244,202,16,43
-32,27,34,61,126,271,194,24,147
-32,36,37,68,145,371,185,56,172
-32,41,43,73,160,447,180,66,178
-32,41,43,73,156,442,154,68,183
-32,39,37,63,130,404,163,70,182
-32,34,37,61,114,394,200,70,118
-32,31,37,63,130,415,241,143,89
-32,268,54,95,265,506,461,395,182
-32,448,85,106,301,626,553,550,271
-32,651,185,178,330,719,659,818,453
-32,831,343,304,524,832,800,916,632
-32,929,529,377,606,838,928,1016,730
-32,1102,768,422,679,850,1033,1005,1035
-32,1154,801,463,830,803,1161,1172,1120
-32,1154,856,561,974,890,1220,1189,1216
-32,1262,908,536,1055,874,1226,1188,1306
-32,1400,977,523,1040,846,1308,1275,1409
-32,1381,930,558,1061,823,1253,1315,1364
-32,1395,965,601,1126,848,1241,1178,1428
-32,1440,988,600,1100,729,1205,1102,1384
-32,1387,917,589,994,671,1232,1147,1424
-32,1297,842,623,1106,754,1182,1036,1396
-32,1225,788,596,1104,734,1187,1013,1364
-32,1237,756,597,1005,735,1151,1122,1361
-32,1249,737,577,938,738,1175,1159,1360
-32,1243,868,626,917,743,1092,1183,1337
-32,1310,971,656,813,714,1071,1147,1333
-32,1433,966,688,842,742,1039,1182,1375
-32,1505,992,646,780,711,989,1127,1377
-32,1487,1043,612,849,778,1113,1091,1425
-32,1493,1043,611,936,795,1197,1049,1440
-32,1402,923,591,1030,759,1199,1188,1505
-32,1275,916,570,981,683,1188,1197,1429
-32,1129,932,560,966,650,1200,1211,1396
-32,1140,813,555,981,509,1041,1183,1338
-32,1157,714,542,1035,491,987,1212,1320
-32,1218,762,464,910,502,927,1147,1250
-32,1202,751,502,935,496,930,1126,1276
-32,1249,836,535,954,560,978,1152,1282
-32,1316,947,559,962,565,1037,1156,1295
-32,1279,979,531,854,515,1031,1105,1208
-32,1257,962,545,878,524,1048,1069,1264
-32,1286,971,490,832,537,1032,1027,1202
-32,1302,844,456,863,547,992,946,1242
-32,1376,925,404,813,553,969,1029,1401
-32,1366,1001,397,762,547,1013,1116,1420
-32,1345,1006,416,794,500,1012,1114,1316
-32,1347,975,406,869,473,1102,1166,1313
-32,1361,997,394,829,432,1178,1254,1323
-31,1219,893,381,781,492,1271,1233,1245
-31,1257,912,394,836,496,1240,1178,1291
-31,1257,868,385,770,507,1304,1201,1347
-31,1267,944,392,680,556,1277,1216,1454
-31,1184,938,477,705,540,1289,1151,1362
-31,1215,929,468,694,469,1227,1121,1328
-31,1177,748,464,642,501,1207,1118,1431
-31,1226,809,470,773,504,1116,1248,1387
-31,1229,798,528,795,560,1191,1187,1384
-31,1364,805,483,855,598,1169,1145,1483
-31,1360,729,531,856,600,1127,1113,1488
-31,1321,794,507,833,620,1176,1126,1302
-31,1281,735,496,733,689,1221,1091,1374
-31,1303,666,403,764,646,1106,1150,1299
-31,1202,651,402,656,611,1023,1232,1224
-31,1157,720,401,788,625,1136,1307,1198
-31,1163,690,450,865,582,1144,1267,1242
-31,1193,673,448,860,473,1127,1143,1262
-31,1238,691,471,812,441,1171,1184,1340
-31,1268,715,480,816,458,1226,1156,1375
-31,1277,718,448,729,458,1127,1109,1386
-31,1309,737,426,650,464,1142,1166,1392
-31,1310,902,455,658,463,1090,1194,1302
-31,1203,892,482,670,462,1061,1130,1175
-31,1125,838,474,681,442,1053,1127,1184
-31,1088,808,523,623,425,1061,1145,1103
-31,1032,789,591,683,411,1037,1121,1083
-31,1061,576,553,636,417,1053,1159,1172
-31,1177,596,520,645,472,1081,1112,1329
-31,1275,715,503,681,436,1082,1049,1367
-31,1208,739,428,686,441,1087,989,1393
-31,1238,697,309,615,473,1037,961,1390
-31,1154,808,380,651,477,1060,973,1349
-31,1137,784,371,613,416,1036,1007,1348
-31,1038,710,349,601,434,981,1109,1211
-31,1076,653,368,655,425,995,1110,1189
-31,1099,720,369,671,396,997,1110,1233
-31,1157,639,325,691,433,977,1056,1280
-31,1134,659,303,681,419,996,1049,1189
-31,1159,764,342,692,471,1005,999,1219
-31,1189,791,337,650,473,1057,1019,1210
-31,1127,754,364,704,462,1071,1024,1143
-31,1127,751,328,697,431,1114,993,1105
-31,1097,763,332,734,452,1134,1048,1172
-31,1224,727,294,683,396,1113,1013,1249
-31,1185,742,292,659,422,1023,983,1251
-31,1249,732,260,565,423,1075,1035,1276
-31,1246,726,317,617,412,1052,1116,1331
-31,1281,801,382,575,449,1112,1079,1250
-31,1129,820,386,582,509,1117,1145,1130
-30,1112,788,399,607,481,1097,1170,1158
-30,1101,793,406,648,508,1028,1165,1147
-30,1176,835,427,616,520,1077,1163,1152
-30,1138,717,380,591,499,1037,1144,1167
-30,1201,625,381,598,460,1110,1144,1276
-30,1253,682,358,612,485,1169,1188,1302
-30,1276,744,353,585,473,1238,1223,1372
-30,1219,660,282,577,451,1223,1182,1302
-30,1171,683,335,655,419,1231,1276,1303
-30,1069,650,346,660,418,1168,1242,1279
-30,1142,562,353,630,398,1174,1175,1294
-30,1056,514,342,623,368,1118,1052,1176
-30,967,533,336,613,413,1090,1068,1167
-30,1116,622,315,571,445,996,1006,1219
-30,1205,666,291,559,463,1124,1009,1327
-30,1081,656,276,584,465,1032,994,1299
-30,1041,617,272,610,475,1022,1075,1317
-30,1036,647,272,556,430,1009,1074,1294
-30,880,516,201,507,419,984,1009,1206
-30,871,503,200,497,411,920,1056,1031
-30,838,525,232,444,380,1026,1096,943
-30,904,542,235,485,410,979,1030,918
-30,989,496,253,478,426,1042,1082,993
-30,1092,512,274,492,433,1076,1125,1042
-30,1026,524,270,479,387,1008,993,1058
-30,1058,520,252,534,408,929,977,1071
-30,1086,537,244,478,384,962,980,1120
-30,1090,520,234,560,380,900,833,1123
-30,944,505,212,566,375,1058,760,1098
-30,941,497,219,574,373,1092,861,1062
-30,987,493,215,626,376,1108,853,1159
-30,962,444,228,650,370,1089,830,1152
-30,879,442,209,592,366,1086,914,1047
-30,902,470,222,597,342,953,898,1035
-30,918,434,221,593,358,868,827,1050
-30,936,515,206,505,336,834,797,975
-30,949,515,187,513,313,877,848,978
-30,915,510,190,507,290,890,846,938
-30,873,595,209,536,264,837,865,866
-30,907,597,242,544,283,891,976,937
-30,863,559,251,529,274,909,955,919
-30,808,553,255,482,275,887,955,856
-30,835,551,269,477,275,857,917,924
-30,909,426,240,458,263,874,931,970
-30,878,390,194,421,265,896,925,889
-30,996,407,267,527,314,925,1009,991
-30,991,453,276,591,334,947,1025,987
-30,970,475,272,597,339,987,983,967
-30,907,505,271,557,370,988,1040,966
-30,929,528,278,560,356,1009,944,954
-29,861,473,228,559,360,1026,990,930
-29,841,420,214,464,383,1061,1043,1080
-29,834,416,201,466,385,1007,1102,1090
-29,938,466,208,496,392,1059,1063,1180
-29,931,498,223,519,370,989,1063,1218
-29,847,504,196,497,353,1061,1084,1157
-29,878,538,196,532,318,965,1013,1082
-29,995,540,199,562,356,1030,1053,1166
-29,940,474,197,604,326,972,1050,1086
-29,935,522,202,603,334,1064,1097,1069
-29,976,535,215,530,307,934,992,1084
-29,1033,504,219,547,302,998,1027,1101
-29,1042,535,233,621,276,942,922,1077
-29,1002,521,239,631,270,934,975,1054
-29,969,421,213,612,274,837,914,1019
-29,965,442,197,640,289,874,990,1063
-29,923,480,176,634,281,930,967,1084
-29,819,437,153,545,264,885,1039,1045
-29,848,449,147,455,269,869,993,1024
-29,847,451,154,463,261,894,987,1082
-29,811,447,185,420,255,970,972,1106
-29,745,390,195,405,298,945,953,989
-29,812,374,240,438,295,1035,957,928
-29,785,468,240,443,316,1093,980,980
-29,798,503,254,456,338,1155,1116,953
-29,924,605,241,501,370,1088,1199,987
-29,945,617,250,576,350,1083,1217,1046
-29,886,663,204,524,367,1069,1189,1083
-29,960,641,219,533,359,1046,1257,1125
-29,991,620,216,584,338,1008,1188,1112
-29,983,479,297,629,318,1049,1049,1093
-29,1079,536,302,559,341,1018,1062,1135
-29,1086,565,301,560,331,1020,1014,1183
-29,1060,528,334,635,344,1000,935,1129
-29,1243,554,399,667,365,1068,1026,1257
-29,1159,646,353,606,347,1020,1060,1241
-29,1150,630,337,591,325,1008,1077,1245
-29,1139,643,338,602,313,1002,1074,1231
-29,1127,667,343,564,382,1068,1072,1241
-29,901,662,299,581,412,991,998,1173
-29,846,608,288,573,436,1003,990,1058
-29,748,608,293,567,423,992,904,964
-29,870,704,307,589,443,1004,983,997
-29,965,756,260,604,410,935,956,1096
-29,1021,747,212,496,401,885,859,1060
-29,1033,792,201,473,369,813,785,1081
-29,983,802,191,469,368,790,751,1034
-29,843,642,163,427,390,667,632,901
-29,809,524,131,299,367,681,510,758
-28,856,534,114,261,318,674,560,815
-28,904,454,108,258,315,642,511,828
-28,902,373,129,304,412,616,515,832
-28,872,358,176,496,736,724,468,804
-28,761,379,179,530,886,747,514,840
-28,547,323,180,541,975,711,465,742
-28,475,302,185,570,1087,731,607,767
-28,457,284,176,554,1080,740,595,771
-28,447,264,130,403,907,623,612,768
-28,400,226,121,361,801,474,567,634
-28,313,201,104,322,693,405,494,493
-28,161,108,91,255,545,327,283,302
-28,122,69,67,209,505,246,231,240
-28,80,48,53,153,436,181,158,192
-28,66,35,41,114,322,158,107,123
-28,42,25,41,113,305,152,83,102
-28,36,23,37,113,206,148,64,71
-28,29,23,38,117,180,148,53,55
-28,24,22,37,115,305,147,42,45
-28,19,19,25,90,314,89,27,30
-28,15,17,42,88,324,75,22,24
-28,17,20,59,121,326,93,20,20
-28,16,18,62,122,305,85,18,18
-28,14,18,62,124,184,94,18,15
-28,15,18,63,123,157,99,16,14
-28,14,17,51,106,132,101,15,15
-28,11,16,34,63,124,77,14,14
-28,11,16,28,48,109,69,14,14
-28,12,16,25,32,79,45,11,16
-28,12,17,24,28,52,30,13,16
-28,14,17,23,22,42,55,14,16
-28,14,16,17,19,34,67,12,16
-28,15,17,20,20,34,77,12,16
-28,17,16,20,19,29,81,12,16
-28,17,14,19,19,29,86,12,14
-28,16,15,18,19,26,79,12,16
-28,17,17,19,18,26,86,15,16
-28,15,17,14,16,27,87,16,16
-28,15,17,15,16,28,94,17,15
-28,15,18,17,19,28,91,16,16
-28,14,18,17,17,28,86,17,14
-28,14,14,17,18,26,72,16,12
-28,14,14,17,17,20,74,15,12
-28,16,15,19,20,18,76,15,13
-28,15,15,19,16,18,79,15,14
-28,17,14,20,18,23,79,15,14
-28,17,16,20,19,24,80,13,13
-28,17,16,21,20,25,68,14,14
-28,11,15,19,17,24,67,14,15
-28,12,16,19,18,23,88,15,13
-28,12,16,18,18,24,101,16,13
-27,11,15,19,17,24,99,16,17
-27,12,14,19,36,25,99,18,18
-27,13,15,19,41,25,90,16,16
-27,14,13,20,46,30,85,17,16
-27,15,14,20,46,35,80,17,16
-27,15,14,20,48,36,112,18,13
-27,14,15,25,65,42,116,16,11
-27,14,14,25,72,42,121,16,12
-27,13,15,26,71,39,110,16,13
-27,12,15,26,72,32,137,15,13
-27,12,15,26,72,34,125,18,13
-27,13,20,27,61,36,151,21,13
-27,14,21,26,55,38,149,22,13
-27,13,21,25,61,39,148,22,13
-27,13,21,24,62,38,116,22,13
-27,13,21,24,60,48,141,19,13
-27,11,14,17,51,46,152,17,15
-27,14,12,16,49,45,152,16,17
-27,15,13,21,63,49,156,16,17
-27,14,14,22,66,50,156,16,17
-27,14,14,22,67,40,137,16,16
-27,16,16,24,65,36,114,16,15
-27,15,17,24,65,41,121,17,12
-27,15,18,21,44,37,140,19,12
-27,15,17,22,46,36,140,19,12
-27,16,19,26,44,35,128,18,12
-27,16,16,24,50,38,114,18,12
-27,14,17,24,51,36,113,15,12
-27,14,15,26,54,43,130,14,11
-27,14,16,26,54,43,135,15,11
-27,14,13,22,59,43,134,15,13
-27,14,14,23,57,38,129,15,14
-27,15,15,27,59,35,123,16,14
-27,16,14,24,55,30,97,15,14
-27,15,13,24,51,30,94,16,13
-27,16,17,25,50,36,116,17,15
-27,15,17,24,51,38,123,20,14
-27,14,16,20,47,39,129,20,15
-27,13,17,21,48,36,114,20,15
-27,13,17,19,60,40,124,26,17
-27,12,15,17,58,37,114,26,14
-27,16,15,17,54,42,131,27,15
-27,17,15,19,65,40,124,27,15
-27,17,15,19,65,42,125,27,15
-27,19,17,20,56,39,122,22,15
-27,19,18,22,68,36,125,20,17
-27,16,16,21,67,33,130,20,15
-27,16,17,34,82,38,137,19,15
-27,15,20,37,82,41,136,20,14
-27,16,19,39,84,39,128,17,14
-26,15,17,38,76,41,137,16,12
-26,16,18,40,77,40,111,13,13
-26,15,16,30,54,39,114,16,13
-26,16,12,29,67,38,115,16,13
-26,14,14,28,72,42,125,18,13
-26,14,14,28,72,42,104,18,14
-26,13,14,26,70,43,112,18,15
-26,15,13,24,92,42,111,18,14
-26,14,16,21,81,40,109,17,15
-26,15,17,23,78,37,101,17,15
-26,15,17,23,90,38,107,18,14
-26,16,17,23,104,39,115,36,14
-26,14,17,31,87,38,108,38,14
-26,14,18,34,95,36,107,39,16
-26,13,16,33,102,38,109,39,15
-26,12,16,33,97,41,126,41,15
-26,12,17,33,87,36,111,26,14
-26,13,17,26,86,37,114,22,15
-26,12,15,24,85,38,121,21,14
-26,13,14,23,78,46,137,24,16
-26,14,14,21,70,45,119,29,18
-26,15,15,33,112,47,116,30,18
-26,16,15,36,113,47,109,31,17
-26,16,15,34,114,47,117,33,16
-26,16,16,36,115,56,133,33,16
-26,14,20,39,117,56,139,26,15
-26,13,19,30,79,56,142,26,14
-26,11,19,27,90,63,157,25,16
-26,10,18,27,82,70,170,22,14
-26,14,18,26,78,58,142,18,14
-26,15,14,24,104,56,138,14,13
-26,17,14,25,102,55,169,14,13
-26,17,13,24,94,61,164,16,14
-26,18,13,23,101,54,137,17,14
-26,15,15,22,103,59,166,17,13
-26,14,17,22,81,59,181,18,14
-26,14,16,21,82,61,164,19,14
-26,16,18,22,77,58,191,19,13
-26,17,18,21,68,59,194,18,12
-26,17,17,24,82,54,186,19,15
-26,17,14,22,83,54,176,18,15
-26,16,14,25,80,58,166,17,17
-26,14,12,25,78,48,125,14,17
-26,14,15,32,95,57,128,17,20
-26,12,15,30,91,59,119,18,18
-26,12,15,30,85,61,106,19,18
-26,13,17,31,96,72,130,27,16
-26,16,21,36,101,80,131,30,17
-26,16,19,31,92,75,138,29,15
-25,17,23,32,87,75,129,29,16
-25,17,23,32,90,88,176,30,16
-25,16,22,30,78,92,189,25,21
-25,14,19,28,75,142,227,30,21
-25,13,19,28,74,165,238,39,21
-25,13,15,27,71,167,240,40,22
-25,13,18,31,73,163,217,42,22
-25,14,17,29,73,156,208,41,18
-25,13,18,25,78,118,198,42,16
-25,16,17,27,80,90,197,40,17
-25,17,18,28,84,136,193,39,18
-25,17,17,23,82,141,184,34,18
-25,17,18,26,82,146,176,35,17
-25,17,16,26,84,138,168,27,18
-25,14,17,26,81,140,178,20,17
-25,15,17,27,90,98,180,22,14
-25,14,17,28,90,85,190,25,14
-25,13,18,28,95,76,195,24,13
-25,14,20,25,86,77,177,24,12
-25,13,20,21,78,72,140,24,11
-25,11,20,21,66,87,138,21,12
-25,11,20,21,92,91,143,17,12
-25,11,20,20,92,94,150,18,13
-25,11,17,21,98,91,143,16,13
-25,11,17,22,98,81,165,15,13
-25,12,17,20,102,60,164,15,16
-25,13,16,20,86,69,165,18,18
-25,15,16,20,82,71,140,17,19
-25,16,16,23,97,76,155,19,20
-25,17,17,23,103,82,133,19,19
-25,18,17,26,97,80,139,20,18
-25,18,17,25,92,68,124,19,17
-25,16,17,28,93,64,138,19,19
-25,15,17,27,71,106,144,18,17
-25,15,17,28,66,103,163,20,18
-25,17,14,27,69,172,170,29,18
-25,16,15,28,65,284,168,42,18
-25,17,15,28,72,295,156,43,14
-25,17,15,30,77,290,146,44,18
-25,23,18,33,75,302,190,45,18
-25,22,18,31,71,294,177,39,17
-25,23,17,33,78,209,178,26,19
-25,25,17,35,82,202,198,24,19
-25,24,15,32,78,193,203,22,16
-25,19,15,30,90,177,173,23,16
-25,18,15,33,98,144,175,23,16
-25,18,16,39,108,229,197,37,18
-25,20,15,36,94,239,178,39,18
-25,24,17,38,108,250,180,39,19
-25,27,16,40,109,287,198,42,20
-24,151,34,42,126,405,267,208,122
-24,340,80,57,146,509,377,358,310
-24,509,170,105,272,643,460,697,582
-24,800,264,168,501,698,566,790,836
-24,1005,353,210,666,734,743,907,1050
-24,1208,467,283,791,768,816,1062,1249
-24,1369,576,350,976,776,906,1099,1370
-24,1478,618,444,1018,783,1047,1111,1379
-24,1418,656,469,1031,898,1044,1238,1308
-24,1491,709,560,1012,889,1006,1247,1397
-24,1426,908,579,996,862,1119,1221,1324
-24,1369,964,618,924,832,1139,1270,1314
-24,1373,1046,671,924,787,1164,1360,1419
-24,1429,1161,714,866,748,1289,1337,1504
-24,1319,1167,655,855,788,1287,1333,1440
-24,1346,1030,621,892,820,1203,1257,1457
-24,1352,994,655,889,850,1161,1227,1469
-24,1294,1006,552,915,869,1166,1119,1410
-24,1208,1056,483,868,771,1114,1032,1364
-24,1158,1093,507,871,739,1161,1036,1298
-24,1090,1084,556,839,734,1130,1137,1323
-24,1104,1049,439,765,692,1139,1170,1255
-24,1138,978,467,677,604,1024,1124,1157
-24,1197,785,499,738,598,968,1192,1209
-24,1286,713,529,754,599,1011,1227,1392
-24,1331,806,541,748,555,1067,1267,1309
-24,1301,905,550,718,586,1096,1298,1339
-24,1253,960,510,748,647,1123,1290,1345
-24,1340,1012,496,857,709,1210,1264,1349
-24,1331,1098,491,914,747,1211,1247,1263
-24,1330,1049,443,859,739,1289,1196,1299
-24,1277,1017,431,936,718,1287,1168,1290
-24,1352,960,477,918,675,1260,1159,1286
-24,1286,962,461,868,602,1209,1134,1318
-24,1220,901,390,747,507,1176,1158,1276
-24,1249,956,380,783,500,1118,1096,1399
-24,1327,966,396,729,426,1137,1097,1450
-24,1238,1030,428,763,451,1141,1195,1514
-24,1217,959,416,736,491,1147,1230,1455
-24,1225,958,414,768,512,1154,1178,1425
-24,1178,879,415,729,492,1130,1220,1381
-24,1078,865,426,728,506,1054,1289,1305
-24,1085,760,340,702,494,1040,1206,1353
-24,1111,801,374,707,469,1046,1158,1317
-24,1120,797,375,662,442,966,1174,1258
-24,1111,839,407,655,468,954,1174,1190
-24,1198,780,384,797,481,1027,1092,1235
-24,1237,855,411,850,482,1018,1069,1164
-24,1261,953,424,883,495,1022,1137,1206
-23,1247,916,426,912,510,1070,1139,1168
-23,1202,886,405,986,504,1085,1112,1124
-23,1135,910,432,927,507,1064,1092,1164
-23,1048,910,421,935,476,1073,1150,1138
-23,931,837,392,870,423,984,1082,1055
-23,971,872,491,885,425,1008,1117,1267
-23,995,835,500,835,403,1018,1132,1242
-23,1140,899,498,789,399,1125,1125,1178
-23,1117,964,541,772,402,1110,1109,1312
-23,1121,907,531,777,444,1166,1205,1319
-23,1244,877,473,758,486,1137,1223,1228
-23,1285,909,474,742,463,1118,1245,1320
-23,1128,854,489,766,427,979,1222,1285
-23,1220,692,445,690,431,1065,1253,1254
-23,1217,679,445,669,405,1096,1174,1281
-23,1027,626,411,737,329,1092,1048,1238
-23,994,650,370,754,368,1044,1080,1195
-23,1020,584,316,684,367,1114,1047,1193
-23,990,563,284,700,344,1056,983,1077
-23,1021,517,271,756,338,985,990,1218
-23,1077,637,271,620,384,935,1018,1192
-23,1106,668,294,628,400,1011,928,1290
-23,1221,671,288,689,436,952,983,1308
-23,1178,693,287,668,451,1002,935,1341
-23,1202,748,316,680,456,1092,964,1218
-23,1197,786,350,789,438,1136,958,1188
-23,1139,759,343,737,402,1086,1088,1116
-23,1013,824,377,728,431,1112,1120,1178
-23,1015,829,375,739,460,1161,1160,1208
-23,971,812,372,748,452,1115,1149,1278
-23,974,772,381,669,463,1196,1234,1356
-23,955,740,369,706,448,1208,1119,1265
-23,1061,731,355,682,422,1155,1101,1213
-23,1125,750,370,697,382,1046,1114,1144
-23,1129,751,358,580,389,987,1075,1043
-23,1105,681,318,634,377,892,994,1073
-23,1141,733,342,657,393,867,980,1094
-23,1015,718,355,677,432,937,1007,1074
-23,966,716,426,730,447,1036,981,1070
-23,1057,693,433,761,451,1130,1058,1120
-23,1088,708,448,704,440,1102,1086,1077
-23,1045,674,492,715,420,1129,1089,1065
-23,1109,680,482,711,388,1103,1050,1085
-23,1088,747,422,634,433,1065,1105,1010
-23,926,783,413,617,429,969,1042,943
-23,846,759,422,632,465,999,1005,922
-23,1009,758,377,671,474,1003,1104,1072
-23,995,752,348,639,435,1055,1118,1042
-23,995,763,384,655,417,1158,1115,1076
-23,1038,762,403,637,411,1159,1134,1161
-23,1052,756,355,655,380,1142,1158,1098
-22,934,732,358,594,432,1185,1052,1019
-22,888,746,365,586,462,1114,1013,1009
-22,903,712,320,560,431,957,1012,996
-22,868,673,323,585,431,1061,928,862
-22,859,695,335,611,408,1066,926,923
-22,966,687,306,546,386,1114,959,940
-22,1023,628,304,553,357,1173,1031,955
-22,1065,557,327,601,360,1198,911,1042
-22,1085,676,288,577,356,1145,925,1029
-22,1086,660,282,535,387,1160,960,1023
-22,1043,689,265,579,347,1027,928,1045
-22,972,760,271,569,381,956,792,1018
-22,955,784,247,526,372,953,911,1026
-22,981,803,260,522,396,969,938,1080
-22,973,812,249,513,363,926,949,1067
-22,946,784,273,485,355,945,935,976
-22,952,758,261,465,342,1026,1002,1008
-22,934,775,254,453,388,1010,960,1041
-22,909,696,244,445,383,977,1020,1090
-22,902,691,293,439,386,985,965,1074
-22,975,708,283,453,390,1000,994,1070
-22,958,735,295,523,376,965,1014,1098
-22,1034,668,323,513,367,1003,980,1000
-22,1047,627,317,516,376,1045,858,956
-22,1100,693,294,530,400,1091,964,1037
-22,1103,687,303,526,416,1123,962,1015
-22,1121,623,341,495,423,1149,955,1006
-22,1092,672,373,494,427,1141,987,1074
-22,1075,740,381,484,415,1126,1134,1042
-22,1123,728,385,453,434,1153,1099,1111
-22,1067,760,409,528,466,1120,1135,1165
-22,1121,734,373,500,444,1097,1114,1173
-22,1070,752,356,509,459,1108,1115,1094
-22,1068,742,387,546,454,1200,1055,1116
-22,978,788,405,533,446,1225,1077,1003
-22,924,798,378,555,411,1242,1026,1000
-22,849,805,380,583,425,1199,1015,942
-22,843,785,342,582,363,1234,1028,956
-22,896,740,318,635,410,1198,964,969
-22,918,639,325,712,386,1197,1014,1042
-22,940,564,363,705,372,1206,1062,1105
-22,976,636,358,672,366,1178,1045,1105
-22,929,664,359,675,373,1107,1008,1144
-22,854,692,398,620,393,1015,1060,1163
-22,861,714,368,537,382,879,905,1076
-22,965,841,311,402,395,828,903,1058
-22,1092,821,313,476,394,907,1027,1182
-22,1156,767,378,539,446,951,1090,1136
-22,1179,799,373,539,394,980,1073,1171
-22,1162,775,372,578,397,1022,1069,1240
-21,1078,716,382,601,390,1053,1071,1232
-21,988,701,407,624,479,1108,987,1119
-21,981,840,431,658,452,1122,974,1201
-21,1010,812,402,692,481,1119,1073,1247
-21,1035,893,393,650,507,1091,1079,1199
-21,1092,854,411,629,531,1066,1149,1195
-21,1057,844,451,608,464,1091,1258,1219
-21,1009,760,376,488,465,1074,1223,1206
-21,1085,780,360,431,414,1089,1156,1156
-21,1103,684,363,438,381,1116,1138,1156
-21,1076,678,400,506,350,1141,1170,1180
-21,1095,663,326,524,322,1171,1049,1152
-21,1159,601,335,606,305,1168,1049,1131
-21,1084,711,345,587,288,1199,1017,1072
-21,1104,744,413,615,286,1206,1036,1233
-21,1024,713,382,627,289,1184,878,1134
-21,982,705,392,587,307,1102,889,1143
-21,925,746,398,512,279,1082,966,1160
-21,1005,579,414,556,309,1038,958,1160
-21,959,580,370,616,397,1028,1023,1059
-21,1038,575,354,605,424,1126,1137,1130
-21,1070,646,361,626,409,1075,1190,1176
-21,1045,624,348,688,447,1101,1222,1147
-21,956,626,329,727,504,1138,1213,1236
-21,1025,721,327,644,560,1247,1232,1234
-21,985,767,321,598,543,1143,1160,1256
-21,1069,719,311,589,560,1151,1119,1330
-21,1102,755,344,550,563,1179,1047,1367
-21,1134,829,408,507,539,1140,1076,1273
-21,1048,782,389,515,432,1062,996,1221
-21,1152,818,382,515,491,1088,955,1267
-21,1008,834,429,492,505,1118,919,1150
-21,998,825,468,562,490,1116,904,1073
-21,1011,767,434,573,538,1218,917,1097
-21,1216,743,437,586,538,1157,960,1188
-21,1138,733,436,596,473,1137,962,1102
-21,1163,732,368,569,448,1113,927,1169
-21,1112,669,287,458,578,1015,826,1151
-21,1024,667,225,403,676,852,717,1064
-21,710,656,206,374,779,791,621,873
-21,550,597,181,320,784,729,499,741
-21,424,534,180,311,787,622,403,463
-21,383,499,130,280,700,558,369,365
-21,286,426,118,213,654,429,318,294
-21,138,273,89,203,733,400,157,193
-21,130,150,96,238,825,438,131,181
-21,98,135,85,232,850,412,118,164
-21,88,118,75,224,839,383,103,124
-21,65,94,65,225,741,347,94,108
-21,52,73,72,217,513,325,85,89
-20,44,41,56,188,330,229,140,51
-20,60,36,54,184,208,220,145,38
-20,60,32,60,200,178,232,147,38
-20,56,24,59,176,153,226,147,35
-20,55,26,56,231,141,219,146,32
-20,55,19,58,234,111,155,65,27
-20,28,20,60,235,107,168,44,23
-20,23,20,54,220,97,156,38,20
-20,20,23,53,226,95,160,32,19
-20,19,22,41,167,82,159,26,17
-20,15,22,38,143,64,146,25,18
-20,14,19,39,149,51,138,24,18
-20,14,21,38,148,44,124,23,19
-20,20,21,39,140,45,134,23,19
-20,20,21,45,125,48,152,24,20
-20,18,21,45,132,49,170,23,18
-20,19,22,42,119,46,158,23,16
-20,19,22,43,119,54,176,22,16
-20,12,19,36,117,55,166,21,18
-20,13,19,27,80,53,151,19,16
-20,16,22,28,86,58,159,19,19
-20,16,21,27,98,56,182,19,19
-20,15,21,29,105,53,176,20,20
-20,15,20,31,111,48,183,19,20
-20,14,19,30,110,48,180,20,20
-20,12,16,26,101,47,179,20,18
-20,14,20,30,88,48,149,18,17
-20,17,25,46,136,56,168,18,15
-20,17,27,48,136,61,169,19,14
-20,18,27,49,135,73,176,23,14
-20,19,27,49,133,68,153,25,15
-20,19,25,47,132,67,153,28,16
-20,17,20,27,80,56,114,28,16
-20,17,17,27,74,52,140,27,15
-20,17,18,27,78,49,136,26,14
-20,16,17,32,83,57,158,22,14
-20,17,18,34,83,61,165,20,17
-20,18,17,35,74,78,184,25,19
-20,18,18,33,74,82,164,26,21
-20,18,19,35,75,79,166,25,21
-20,18,18,33,100,73,145,27,22
-20,17,18,30,102,72,157,26,19
-20,17,18,32,108,61,184,23,19
-20,16,16,31,109,72,189,20,16
-20,19,19,31,110,67,187,19,17
-20,17,18,29,88,68,193,16,14
-20,19,23,41,130,71,206,20,16
-20,18,23,39,128,64,171,18,14
-20,21,24,40,127,44,174,23,15
-20,20,26,41,126,43,171,23,16
-19,21,26,41,117,41,164,23,17
-19,18,22,28,69,33,125,20,15
-19,19,26,41,100,40,124,23,17
-19,16,25,38,97,42,109,18,17
-19,14,21,34,95,42,121,18,15
-19,14,22,34,98,43,121,18,17
-19,16,23,37,100,44,117,18,17
-19,14,17,33,153,48,145,19,16
-19,15,21,42,174,64,172,28,15
-19,14,20,42,178,70,173,30,17
-19,14,19,41,178,71,177,32,15
-19,15,20,41,178,72,190,33,16
-19,16,21,37,121,68,182,33,16
-19,16,18,33,104,56,153,27,16
-19,17,19,34,94,57,162,24,18
-19,18,22,37,107,58,166,23,18
-19,16,21,34,100,54,152,21,17
-19,15,20,30,89,51,128,19,17
-19,19,23,30,87,51,140,17,18
-19,19,23,30,91,51,159,20,15
-19,18,21,32,106,55,164,22,14
-19,20,20,32,110,63,172,25,18
-19,20,20,35,118,65,180,24,18
-19,14,16,29,114,62,174,25,17
-19,14,18,31,116,55,154,24,18
-19,14,17,28,96,50,164,23,18
-19,13,16,29,102,40,158,20,14
-19,14,21,34,96,40,154,22,15
-19,16,21,35,90,39,154,24,15
-19,16,21,33,87,46,146,24,13
-19,17,22,36,75,59,190,25,13
-19,16,23,35,63,63,191,26,13
-19,15,21,37,81,66,196,26,15
-19,14,21,36,76,64,195,24,16
-19,14,19,36,72,60,197,21,16
-19,12,17,34,81,50,134,19,16
-19,12,17,34,83,45,131,18,16
-19,13,14,33,102,39,147,14,14
-19,12,15,35,110,41,154,17,14
-19,12,15,36,133,42,194,20,16
-19,11,17,35,133,43,206,20,16
-19,13,17,34,132,44,202,22,17
-19,14,17,29,148,47,186,23,17
-19,14,18,31,156,63,195,23,17
-19,16,20,33,157,64,146,24,16
-19,16,18,32,152,64,145,23,15
-19,17,22,35,154,66,150,23,14
-19,17,22,30,112,68,150,23,15
-18,18,22,28,98,51,126,22,13
-18,17,23,45,125,52,144,27,15
-18,16,23,45,128,50,127,28,15
-18,15,21,46,130,46,133,26,18
-18,14,20,46,131,40,131,30,16
-18,13,20,47,132,47,134,30,17
-18,12,20,30,86,50,153,25,16
-18,12,19,34,94,49,150,24,17
-18,11,18,30,95,48,140,26,14
-18,10,19,32,94,49,170,25,14
-18,12,18,30,88,46,170,26,16
-18,12,18,27,78,43,154,26,16
-18,14,18,27,74,44,165,26,16
-18,15,20,27,68,46,166,24,18
-18,15,20,31,103,50,143,24,18
-18,16,19,31,110,50,143,23,16
-18,15,19,32,111,49,118,25,15
-18,13,19,30,115,56,113,26,16
-18,13,17,32,114,57,124,40,14
-18,13,16,28,92,52,134,40,13
-18,12,16,27,86,51,124,40,14
-18,11,17,28,102,52,152,41,16
-18,11,18,35,94,50,148,41,17
-18,13,19,34,115,48,153,28,17
-18,12,17,34,110,52,138,31,18
-18,13,19,34,109,52,140,45,18
-18,14,19,34,112,53,121,45,17
-18,16,18,31,119,56,135,47,15
-18,15,19,33,105,56,139,47,17
-18,16,22,39,117,53,135,43,17
-18,16,21,38,128,53,138,29,17
-18,15,20,39,111,49,134,25,17
-18,15,22,36,125,50,138,31,17
-18,13,21,35,122,54,142,39,16
-18,11,18,29,109,58,145,40,18
-18,12,17,30,96,58,141,38,16
-18,13,18,30,99,58,151,40,16
-18,13,15,31,104,58,161,50,17
-18,14,15,30,104,53,144,48,16
-18,16,16,29,106,50,146,50,15
-18,17,17,31,113,52,158,51,17
-18,17,16,29,114,50,144,49,18
-18,18,15,26,83,41,142,32,17
-18,18,17,31,104,45,140,33,19
-18,18,17,34,102,47,144,72,26
-18,40,21,33,95,68,142,162,62
-18,59,28,39,113,120,198,189,109
-18,62,31,39,129,157,196,196,117
-18,62,31,43,114,163,204,197,118
-18,63,31,41,115,167,210,188,117
-18,51,29,40,116,160,224,122,104
-17,27,23,37,94,128,178,76,55
-17,22,22,38,66,78,153,57,33
-17,20,23,31,66,68,200,51,29
-17,18,24,31,70,60,217,42,26
-17,18,24,29,67,54,203,34,23
-17,18,23,26,70,52,216,29,20
-17,16,22,28,70,49,216,27,19
-17,17,19,29,83,39,160,24,17
-17,17,19,28,80,34,115,26,18
-17,16,17,28,79,35,126,22,16
-17,15,17,27,76,52,147,18,13
-17,15,15,26,90,66,157,20,13
-17,15,18,25,83,66,159,20,15
-17,17,20,31,90,69,172,28,13
-17,18,20,30,91,70,164,31,13
-17,18,23,33,93,58,134,32,14
-17,17,24,32,84,41,129,31,16
-17,18,22,34,88,60,174,32,14
-17,15,21,30,82,61,171,25,14
-17,16,21,30,92,61,163,26,15
-17,16,21,28,90,62,162,25,17
-17,16,21,27,96,62,158,35,19
-17,12,20,24,96,49,106,38,19
-17,13,18,24,100,48,101,39,20
-17,13,18,25,100,50,119,38,20
-17,13,14,24,103,50,111,39,18
-17,13,14,24,98,55,133,31,17
-17,14,13,21,86,51,138,25,16
-17,13,14,21,89,51,132,26,16
-17,15,18,27,82,52,146,23,16
-17,15,19,32,89,52,148,32,16
-17,16,19,32,89,68,133,77,16
-17,15,20,34,88,73,131,81,17
-17,15,20,38,102,72,130,84,16
-17,15,18,39,121,335,105,89,22
-17,15,19,38,124,482,132,118,27
-17,70,25,46,134,602,158,199,49
-17,125,35,55,172,793,303,371,186
-17,340,71,58,170,820,365,585,413
-17,596,161,109,213,780,572,810,629
-17,803,260,183,428,755,749,931,726
-17,989,358,275,542,742,884,1082,997
-17,1205,626,298,692,641,996,1140,1165
-17,1347,689,359,773,681,1142,1319,1294
-17,1424,799,433,838,729,1171,1300,1422
-17,1515,854,520,854,824,1185,1295,1515
-17,1500,1012,521,802,844,1225,1342,1513
-17,1422,1009,536,725,820,1221,1325,1509
-17,1380,1010,552,767,808,1130,1143,1513
-17,1303,955,538,741,817,1088,1110,1405
-16,1180,965,469,644,706,1110,1113,1387
-16,1221,843,435,660,628,1099,1072,1334
-16,1297,932,445,648,664,1141,1168,1330
-16,1211,924,407,712,675,1200,1212,1201
-16,1165,928,406,753,641,1250,1298,1154
-16,1176,972,441,789,626,1177,1363,1091
-16,1069,947,435,773,620,1130,1281,1019
-16,905,730,461,876,543,1080,1232,918
-16,1037,719,465,798,495,1033,1222,1008
-16,1106,765,432,791,422,1023,1160,1059
-16,1089,653,365,746,388,1012,1135,1328
-16,1111,609,407,808,427,1018,1185,1300
-16,1201,613,358,751,415,1009,1137,1375
-16,1165,666,418,799,481,1034,1138,1381
-16,1232,674,401,716,487,1034,1085,1453
-16,1258,655,411,742,500,1109,989,1205
-16,1306,657,397,674,463,1121,954,1283
-16,1413,779,432,668,481,1095,1022,1393
-16,1391,775,349,511,402,1164,1018,1385
-16,1383,722,357,520,400,1134,1072,1347
-16,1340,808,441,576,431,1168,1115,1354
-16,1347,804,472,638,458,1149,1140,1359
-16,1218,775,449,632,456,1149,1093,1289
-16,1282,793,457,667,492,1086,1073,1269
-16,1239,777,474,693,530,1092,1025,1291
-16,1359,724,409,716,512,1053,1067,1418
-16,1354,803,369,790,492,1033,1124,1419
-16,1444,744,361,792,551,1072,1157,1443
-16,1376,738,383,813,511,1107,1197,1492
-16,1390,901,454,871,520,1230,1320,1469
-16,1269,893,481,825,565,1206,1260,1372
-16,1197,880,475,739,569,1194,1190,1364
-16,1140,880,542,760,531,1216,1167,1340
-16,1379,864,532,770,564,1162,1177,1434
-16,1323,774,482,731,560,1040,1139,1375
-16,1380,831,504,720,548,1097,1188,1405
-16,1532,881,568,789,564,1160,1305,1542
-16,1467,932,519,784,566,1061,1342,1516
-16,1281,932,508,801,570,1048,1334,1395
-16,1357,944,496,767,605,1092,1351,1475
-16,1365,1022,496,782,630,1025,1416,1445
-16,1288,968,441,737,621,994,1298,1333
-16,1272,879,473,744,624,1032,1297,1282
-16,1302,942,582,727,623,1067,1254,1320
-16,1279,993,648,833,638,1017,1158,1364
-16,1324,941,692,930,660,1074,1099,1475
-16,1346,1020,743,970,757,1109,1224,1507
-16,1337,1156,752,926,753,1145,1168,1505
-16,1303,1098,687,931,818,1123,1240,1421
-16,1314,986,656,922,784,1110,1257,1396
-15,1150,919,631,836,723,1047,1266,1215
-15,1018,899,619,789,636,999,1121,1084
-15,1052,845,607,750,629,1016,1116,1111
-15,1058,878,640,704,562,1017,1034,1137
-15,1032,914,685,681,570,1080,1167,1181
-15,1087,959,646,705,601,1107,1045,1202
-15,1141,924,616,691,580,1226,1172,1308
-15,1121,849,643,750,555,1234,1199,1323
-15,1087,779,612,759,546,1276,1173,1370
-15,1028,812,578,716,611,1207,1130,1223
-15,1030,796,591,644,572,1167,1189,1282
-15,974,728,556,672,568,1079,1154,1180
-15,1008,693,598,744,612,1063,1161,1163
-15,1056,853,638,771,586,1052,1271,1095
-15,1052,933,636,731,511,1013,1180,1184
-15,1025,927,684,748,490,1077,1136,1213
-15,1135,929,709,750,459,1005,1048,1310
-15,1148,1078,636,685,373,1021,1072,1364
-15,1144,1021,628,705,352,1026,951,1439
-15,1241,867,590,748,309,1046,988,1377
-15,1230,850,717,832,398,1035,1097,1309
-15,1128,862,784,892,542,1129,1168,1227
-15,1173,754,816,899,549,1103,1077,1146
-15,1165,690,793,834,563,1063,1091,1103
-15,1100,764,829,879,582,1073,1087,1166
-15,1127,718,649,810,553,1060,1011,1224
-15,1253,808,577,738,456,1124,976,1351
-15,1216,833,585,742,473,1139,998,1372
-15,1271,856,617,795,488,1141,963,1430
-15,1233,823,618,724,516,1154,1004,1387
-15,1320,915,710,719,533,1158,1002,1361
-15,1305,928,706,714,542,1028,994,1282
-15,1240,853,671,829,567,989,990,1238
-15,1125,825,674,922,565,1026,1042,1080
-15,1159,908,632,945,557,1107,1080,1081
-15,1087,895,523,930,540,1068,1091,1057
-15,942,887,525,932,533,1085,1077,963
-15,941,930,479,800,553,1143,1134,897
-15,1032,954,496,661,554,1155,1102,1018
-15,1008,929,515,744,527,1129,1090,1048
-15,1008,837,554,785,522,1133,1082,1035
-15,1026,761,540,815,525,1175,1106,1083
-15,1164,732,569,921,472,1169,1047,1163
-15,1097,798,597,978,482,1091,1045,1104
-15,1140,906,595,919,476,1083,973,1110
-15,1109,920,570,941,482,1087,955,1100
-15,1088,1030,558,878,458,1075,911,1041
-15,1007,1010,579,809,431,1029,950,1001
-15,998,937,471,761,393,1061,1029,984
-15,961,746,459,696,352,1068,989,898
-14,963,762,421,601,315,1064,1036,870
-14,955,529,399,600,312,1033,1066,875
-14,910,601,386,595,424,1011,1122,890
-14,999,644,402,582,409,1009,1146,954
-14,1015,789,447,639,430,975,1146,1013
-14,1071,770,532,727,483,981,1098,1047
-14,1054,859,569,793,488,988,1091,1060
-14,1020,898,556,749,394,1004,1003,1055
-14,921,914,571,715,380,986,897,965
-14,892,805,563,732,465,1038,901,935
-14,839,819,529,757,496,1061,914,918
-14,933,887,502,780,479,1040,938,959
-14,949,841,472,762,477,1026,890,958
-14,908,760,461,798,483,973,806,951
-14,883,749,412,783,423,821,712,890
-14,912,782,365,773,326,713,645,890
-14,862,633,339,681,334,720,553,876
-14,955,628,337,734,376,655,586,968
-14,970,680,312,813,388,724,677,976
-14,1029,738,292,832,330,752,821,1030
-14,1043,729,297,753,356,866,931,1058
-14,1030,792,371,813,430,919,937,1024
-14,1045,765,379,790,427,990,934,905
-14,1109,877,393,681,427,955,967,949
-14,1037,943,424,711,438,1014,860,958
-14,1038,939,466,764,454,975,802,957
-14,1109,870,410,678,373,928,787,1066
-14,1000,872,406,631,348,863,793,1059
-14,1040,762,416,656,337,894,762,1035
-14,1027,680,382,558,340,883,841,978
-14,951,750,320,555,281,888,804,931
-14,950,796,332,548,314,837,951,925
-14,1040,879,321,556,299,1007,1100,1037
-14,982,879,280,520,366,1031,1077,1017
-14,1053,819,311,583,387,985,1069,1017
-14,1156,716,327,508,403,1015,1257,1160
-14,1096,724,328,610,388,1057,1149,1139
-14,1076,572,315,639,418,944,1061,1070
-14,1072,565,354,597,374,886,1062,1078
-14,1039,622,343,628,362,949,1088,1093
-14,1014,776,364,790,401,899,924,1006
-14,1013,781,372,726,399,865,916,885
-14,1003,850,377,722,389,832,1003,882
-14,992,843,359,745,384,872,1000,877
-14,1042,827,354,755,433,841,960,830
-14,982,743,332,637,417,877,898,746
-14,1069,721,337,666,443,880,941,820
-14,1071,669,326,631,426,907,808,853
-14,1050,630,314,757,417,855,796,856
-13,983,649,304,733,375,844,773,939
-13,1060,657,293,696,330,818,770,1037
-13,1005,698,308,695,321,827,749,990
-13,926,670,328,763,340,781,779,885
-13,947,698,346,709,362,849,753,877
-13,896,662,346,660,337,931,768,797
-13,791,665,356,650,340,923,748,694
-13,856,660,340,661,330,966,742,814
-13,958,675,332,596,330,1017,730,918
-13,939,659,299,581,303,990,811,943
-13,976,752,342,585,301,895,806,992
-13,1036,697,332,584,336,945,925,1038
-13,954,638,322,575,327,933,891,967
-13,864,613,332,662,304,875,837,891
-13,866,661,320,574,298,906,754,898
-13,966,639,291,528,303,927,804,992
-13,904,646,298,574,279,923,833,988
-13,921,695,311,527,276,902,930,1016
-13,931,736,304,449,308,1010,1099,1098
-13,1067,733,318,481,314,999,1158,1187
-13,944,674,290,475,324,948,1104,1073
-13,1019,645,318,514,324,950,1036,1114
-13,1019,624,296,528,321,1014,1007,1103
-13,1078,580,280,476,322,962,903,1126
-13,969,608,315,565,344,977,855,1090
-13,1150,588,320,663,355,1032,940,1265
-13,1074,631,303,651,379,1003,954,1206
-13,1081,700,305,648,366,891,941,1168
-13,1034,755,332,693,398,827,939,1171
-13,1117,719,302,659,457,832,1060,1184
-13,984,727,292,589,481,850,1111,1083
-13,1064,722,278,604,504,884,1081,1089
-13,1044,634,278,637,543,915,1072,1100
-13,1046,576,248,597,531,988,1111,1096
-13,930,550,254,593,518,1115,1097,1047
-13,899,503,275,603,538,1155,1116,991
-13,776,721,272,522,508,1124,1196,964
-13,778,801,266,462,477,1191,1191,950
-13,775,798,256,479,453,1104,1147,874
-13,777,802,237,470,440,936,1096,912
-13,1002,833,219,497,425,971,1151,1120
-13,997,629,196,484,397,957,1080,1113
-13,1018,550,185,520,560,863,1042,1134
-13,989,607,187,538,701,963,992,1097
-13,975,690,227,511,806,960,928,1066
-13,807,747,231,485,968,810,626,1018
-13,803,766,229,514,1117,788,520,1058
-13,688,719,215,469,1048,717,489,1028
-13,640,654,207,407,967,546,401,987
-13,567,525,151,385,856,472,314,888
-13,365,369,123,374,629,395,265,571
-12,256,256,101,335,291,245,199,323
-12,276,173,98,329,338,203,134,229
-12,257,139,95,325,394,191,122,191
-12,243,98,77,278,406,138,106,145
-12,238,92,49,159,391,98,91,126
-12,197,87,39,99,385,112,79,117
-12,109,77,40,101,316,112,69,82
-12,92,64,38,94,165,106,44,71
-12,80,54,40,98,85,116,39,57
-12,55,35,40,97,80,118,31,44
-12,40,32,42,93,72,128,30,36
-12,30,29,40,83,54,129,29,30
-12,28,28,39,78,46,130,25,25
-12,23,23,34,66,43,135,22,20
-12,23,24,43,72,45,142,20,21
-12,21,23,44,78,53,143,20,17
-12,20,24,39,62,52,154,21,16
-12,18,24,43,69,65,153,22,15
-12,15,23,43,72,63,142,22,14
-12,14,21,33,62,65,183,23,14
-12,14,21,29,54,58,177,21,15
-12,12,17,29,75,62,176,21,14
-12,15,19,34,102,51,174,19,15
-12,17,21,34,105,55,214,22,17
-12,17,19,33,107,49,177,22,15
-12,17,18,33,106,48,172,22,15
-12,16,18,33,93,43,168,21,18
-12,14,19,45,77,46,202,24,20
-12,12,21,48,99,38,161,20,19
-12,14,23,49,101,47,184,22,21
-12,13,23,50,104,48,189,23,20
-12,13,23,51,105,48,186,23,18
-12,12,21,33,89,44,223,22,16
-12,13,20,26,56,44,228,23,15
-12,18,22,29,70,38,210,22,16
-12,18,22,28,77,40,194,21,15
-12,17,21,30,81,39,195,20,14
-12,18,19,29,81,37,101,20,15
-12,17,20,31,81,37,99,17,15
-12,11,15,28,63,36,130,19,13
-12,11,18,27,48,36,170,19,13
-12,12,19,25,50,36,170,21,15
-12,11,19,28,49,37,171,21,15
-12,14,19,30,68,42,171,22,16
-12,16,20,35,83,42,151,20,17
-12,17,21,38,84,37,110,21,17
-12,17,20,39,84,40,133,19,16
-12,18,23,43,88,48,134,20,17
-12,17,22,41,75,44,126,18,16
-11,14,23,36,68,44,121,21,15
-11,14,25,43,80,48,135,20,13
-11,16,25,43,75,46,121,20,15
-11,15,23,40,76,39,126,20,14
-11,15,22,39,75,39,123,22,15
-11,16,26,43,69,37,149,22,15
-11,16,21,33,57,35,151,22,16
-11,16,23,31,59,32,145,23,17
-11,17,23,30,55,31,150,23,18
-11,17,23,32,62,33,156,20,18
-11,15,20,29,63,37,132,18,18
-11,15,21,32,64,34,105,16,17
-11,16,21,32,64,34,98,17,16
-11,15,22,32,66,34,85,17,14
-11,16,21,30,61,30,72,18,13
-11,16,21,27,76,31,81,18,13
-11,17,21,27,76,36,105,17,14
-11,16,22,28,76,37,109,16,12
-11,16,21,27,76,37,112,13,13
-11,13,21,29,83,38,120,13,14
-11,15,20,27,76,38,120,13,14
-11,16,21,31,89,33,126,15,14
-11,17,19,30,96,45,142,15,16
-11,16,19,29,97,44,134,15,15
-11,17,20,27,90,47,131,15,15
-11,16,20,31,98,44,126,15,15
-11,16,22,47,123,46,113,15,14
-11,15,22,50,127,35,91,17,12
-11,15,22,51,125,35,91,20,10
-11,15,21,53,128,33,90,20,11
-11,14,21,52,116,38,93,21,10
-11,13,16,32,88,41,98,21,12
-11,14,17,30,82,44,141,19,12
-11,15,19,40,101,45,147,17,13
-11,15,18,38,101,43,146,17,12
-11,17,18,37,100,39,142,16,12
-11,18,18,38,88,39,127,18,10
-11,18,19,36,87,49,144,19,10
-11,19,18,24,63,51,147,18,12
-11,20,18,26,73,52,149,17,12
-11,19,19,25,73,52,149,17,14
-11,18,20,26,70,56,148,14,15
-11,17,18,23,61,98,117,14,17
-11,16,21,23,59,113,118,16,17
-11,17,21,24,76,135,125,17,18
-11,16,22,24,79,137,141,18,18
-11,15,22,23,80,147,163,19,18
-11,17,23,25,79,241,170,23,17
-11,16,22,26,86,315,205,24,18
-11,19,24,27,61,316,202,28,16
-10,21,25,33,65,325,203,29,18
-10,21,25,32,75,375,194,32,22
-10,24,33,44,102,334,205,31,55
-10,24,32,44,110,417,185,30,56
-10,28,42,42,120,460,205,29,59
-10,28,41,40,121,500,218,30,59
-10,31,42,50,148,505,221,30,59
-10,37,62,41,137,523,220,36,105
-10,41,68,43,147,425,219,38,106
-10,39,67,44,151,384,215,40,110
-10,41,69,45,160,368,204,44,112
-10,40,69,41,155,380,203,42,111
-10,33,49,44,185,370,177,35,52
-10,27,41,45,185,442,175,37,47
-10,45,65,46,183,504,169,37,54
-10,117,76,44,179,503,174,38,98
-10,120,77,40,173,558,183,39,101
-10,121,78,40,145,642,206,45,104
-10,122,80,42,150,670,224,50,106
-10,135,81,53,167,752,246,58,103
-10,83,71,54,165,743,240,58,62
-10,81,72,55,156,726,241,61,64
-10,81,72,62,179,661,222,60,59
-10,81,71,65,195,691,218,63,57
-10,69,52,63,205,631,190,60,56
-10,128,74,72,272,660,193,61,87
-10,133,77,76,297,699,216,61,84
-10,133,77,77,331,745,223,66,87
-10,133,77,79,354,775,206,61,89
-10,123,70,76,348,726,197,56,83
-10,64,46,69,304,776,206,54,49
-10,50,47,81,337,759,184,53,44
-10,58,63,101,363,832,312,80,50
-10,61,67,105,344,770,315,85,47
-10,84,114,134,351,773,342,132,53
-10,81,119,141,356,720,343,139,54
-10,82,118,137,375,874,349,147,70
-10,100,114,144,451,797,241,134,95
-10,101,112,141,457,772,225,131,99
-10,84,66,124,516,879,217,89,100
-10,83,59,127,553,1018,244,93,104
-10,83,58,129,523,875,222,77,95
-10,49,49,104,440,870,221,76,65
-10,44,50,109,447,932,250,80,60
-10,44,62,151,527,1011,260,90,63
-10,55,72,165,555,923,221,78,58
-10,70,76,161,563,916,218,78,56
-10,73,78,168,589,904,208,78,53
-10,78,96,189,612,853,173,78,56
-10,83,122,183,602,769,129,78,63
-9,81,119,169,557,749,135,76,60
-9,70,118,173,537,730,224,79,61
-9,83,130,181,590,893,369,104,66
-9,80,123,180,652,941,397,109,67
-9,73,89,149,564,869,405,101,51
-9,74,91,148,562,818,405,102,53
-9,74,95,152,565,802,370,101,55
-9,65,83,164,489,605,228,72,50
-9,66,78,147,353,525,293,58,42
-9,68,86,161,459,483,287,51,41
-9,63,76,157,454,521,288,46,39
-9,73,76,150,456,536,285,40,37
-9,72,70,112,431,518,284,36,33
-9,74,66,106,499,569,160,35,32
-9,74,54,78,378,554,129,30,31
-9,88,58,75,370,506,122,36,31
-9,84,47,73,411,493,117,76,32
-9,81,45,74,411,488,113,81,33
-9,77,44,56,313,340,110,82,32
-9,74,44,64,417,348,107,84,31
-9,55,41,66,420,490,123,81,30
-9,44,68,70,385,519,231,53,28
-9,54,69,68,376,508,242,46,28
-9,56,71,76,435,542,249,44,27
-9,58,70,70,369,506,255,40,27
-9,54,70,68,374,461,252,47,44
-9,71,58,83,476,460,156,82,121
-9,78,71,85,489,461,136,87,133
-9,79,67,94,461,449,193,100,135
-9,80,67,94,437,513,195,105,138
-9,80,67,96,431,424,182,102,134
-9,65,53,78,317,460,301,77,76
-9,73,34,76,283,480,309,73,54
-9,72,34,58,247,457,277,58,49
-9,85,46,54,232,379,275,52,40
-9,92,49,47,206,368,274,54,36
-9,101,49,47,169,271,134,50,29
-9,83,48,45,167,283,137,49,25
-9,82,50,37,144,281,129,44,24
-9,95,51,36,129,280,120,42,27
-9,90,53,40,162,279,118,38,30
-9,84,51,50,215,270,111,30,27
-9,86,61,104,351,232,75,33,33
-9,84,60,108,427,348,63,31,34
-9,56,53,113,454,378,57,29,33
-9,65,59,114,465,399,55,40,34
-9,85,78,112,454,399,52,40,35
-9,84,72,67,359,396,44,35,29
-9,84,71,62,289,292,41,35,29
-8,77,71,54,263,261,34,34,26
-8,67,63,46,235,243,29,21,19
-8,32,44,46,238,252,24,21,19
-8,53,41,44,244,209,25,22,22
-8,55,40,41,212,207,23,24,22
-8,55,38,37,201,210,23,23,22
-8,55,37,37,192,218,26,23,23
-8,56,34,30,174,199,25,23,22
-8,44,33,25,145,206,23,23,20
-8,42,30,24,152,199,24,19,18
-8,41,31,25,141,190,24,21,19
-8,47,29,25,134,235,26,20,19
-8,50,20,26,123,241,27,19,18
-8,38,20,27,123,252,27,19,19
-8,46,22,29,109,258,26,19,19
-8,47,20,31,117,260,26,18,17
-8,44,18,28,107,206,20,19,16
-8,40,21,27,90,177,23,21,18
-8,40,20,26,97,152,25,20,18
-8,31,22,24,112,180,25,19,19
-8,29,23,23,115,168,27,20,20
-8,25,28,25,119,155,25,20,21
-8,21,25,24,125,160,24,18,18
-8,20,26,28,142,169,26,21,19
-8,20,24,27,131,141,25,21,19
-8,22,27,28,132,139,24,21,18
