4,30,42,159,42,121,32,140,37
4,31,38,164,37,127,35,143,39
4,32,36,163,32,131,32,139,38
4,31,37,161,31,132,33,128,37
4,36,39,165,35,133,37,125,35
4,37,42,166,40,132,40,124,35
4,35,41,160,42,133,40,116,33
4,32,39,146,41,114,42,104,31
4,31,35,128,38,100,39,93,29
4,27,31,110,38,88,42,83,28
4,25,26,93,32,80,37,68,28
4,23,21,74,28,59,36,55,26
4,23,20,60,25,49,35,49,24
4,21,21,50,27,41,36,43,22
4,17,23,42,24,37,26,36,24
4,18,22,37,23,36,27,34,22
4,17,24,35,24,36,23,32,21
4,19,23,26,23,38,21,27,20
4,18,20,23,22,37,23,27,21
4,19,19,22,23,39,24,25,19
4,18,20,20,26,36,26,26,20
4,18,18,20,26,34,28,26,19
4,19,20,22,27,34,28,26,19
4,20,21,25,25,31,27,25,20
4,21,22,26,26,29,26,27,20
4,21,22,28,27,28,24,28,19
4,21,21,31,26,30,23,30,21
4,20,21,31,27,23,25,28,23
4,20,23,31,28,24,25,32,23
4,19,22,32,28,24,26,31,22
4,18,22,31,25,24,26,28,21
4,17,23,28,27,22,26,26,19
4,21,21,27,27,25,23,29,18
4,20,20,26,28,26,24,27,21
4,20,22,27,26,29,23,27,21
4,21,20,28,30,44,23,29,24
4,21,19,28,31,53,25,30,23
5,19,21,27,31,54,27,28,24
5,20,19,27,28,54,25,29,21
5,20,16,25,33,53,25,30,23
5,20,17,26,31,43,24,31,21
5,21,18,27,31,30,24,31,21
5,18,15,27,33,27,23,34,21
5,17,17,29,33,31,25,34,20
5,17,22,29,29,31,25,35,18
5,18,22,28,27,34,24,34,22
5,19,23,29,28,34,28,36,23
5,18,25,32,27,37,27,33,22
5,18,23,33,30,35,25,32,25
5,18,19,33,30,39,25,35,26
5,17,20,32,30,34,29,34,24
5,14,20,33,28,38,26,34,24
5,13,18,32,28,35,30,34,24
5,15,20,28,26,34,31,35,21
5,13,20,26,27,30,31,28,22
5,14,21,27,27,34,29,31,19
5,14,21,23,27,34,26,31,20
5,16,20,23,26,34,22,32,20
5,17,20,22,27,35,22,31,20
5,17,20,23,27,34,23,31,18
5,19,18,21,27,31,20,29,21
5,20,17,21,27,28,24,25,19
5,19,17,20,30,28,23,24,21
5,18,16,20,29,28,22,28,22
5,18,16,21,25,30,23,28,24
5,20,15,23,27,27,25,29,22
5,18,15,22,28,29,22,30,23
5,22,15,23,26,27,26,31,22
5,21,16,24,25,28,27,26,21
5,23,14,22,26,26,25,25,20
5,20,16,19,24,29,24,22,23
5,22,19,22,26,28,26,25,22
5,20,20,22,24,31,26,24,25
5,21,20,25,25,30,28,28,27
5,19,22,25,26,30,29,30,25
5,18,21,28,27,27,29,30,26
5,18,20,31,27,32,28,29,26
5,18,18,32,28,30,25,28,24
5,17,17,32,31,29,20,27,21
5,20,15,33,29,31,24,27,23
5,21,14,31,32,33,24,26,23
5,19,15,26,31,31,26,24,21
5,20,17,25,32,32,27,25,21
5,20,17,23,31,34,28,24,21
5,20,19,24,34,33,27,26,20
5,20,19,24,32,33,27,27,19
5,22,18,25,31,30,25,28,21
5,22,21,24,33,30,25,32,21
5,21,20,22,30,30,24,33,20
5,20,20,19,30,32,24,31,19
5,19,20,21,27,34,25,30,20
6,16,20,21,33,34,26,29,19
6,16,17,25,34,35,26,27,19
6,17,17,27,35,37,29,28,20
6,15,18,27,34,35,28,26,22
6,15,19,26,37,32,29,28,20
6,16,20,25,34,33,27,31,21
6,16,20,26,32,36,27,29,20
6,16,20,26,32,37,25,27,23
6,19,20,28,34,36,23,29,21
6,19,22,29,30,39,22,28,22
6,19,20,30,27,36,23,29,22
6,20,21,29,24,31,23,33,21
6,21,21,31,23,28,24,35,20
6,18,19,28,21,32,23,34,24
6,19,18,28,26,30,22,36,26
6,20,17,28,27,30,21,35,25
6,19,18,27,31,30,21,32,27
6,19,19,23,31,30,21,32,26
6,19,19,24,30,28,23,34,25
6,17,20,23,27,32,22,32,21
6,18,20,23,28,37,25,31,21
6,18,19,22,26,37,26,35,20
6,18,17,22,28,37,27,32,21
6,20,17,22,30,36,25,31,21
6,22,17,20,28,32,27,30,24
6,20,17,20,28,28,23,31,25
6,21,21,22,26,30,24,27,25
6,20,22,23,26,33,21,30,23
6,20,23,23,26,34,22,32,23
6,20,22,25,32,33,21,35,22
6,21,24,27,30,34,23,36,21
6,24,21,27,31,35,25,35,21
6,24,20,27,32,32,28,35,22
6,24,20,27,29,30,27,32,20
6,22,20,25,31,30,27,28,22
6,22,19,22,36,27,26,26,21
6,18,18,24,37,29,27,27,20
6,19,21,23,34,33,25,25,21
6,17,20,26,38,33,25,27,22
6,19,21,27,34,33,26,29,19
6,19,21,27,29,35,27,26,20
6,18,23,24,28,34,25,27,21
6,18,22,32,32,40,25,32,24
6,19,23,38,33,43,26,34,24
6,19,23,46,33,52,26,38,25
6,21,23,50,36,55,33,42,24
6,24,23,50,38,56,31,42,23
6,24,22,47,40,50,32,38,19
6,25,23,42,39,51,31,39,17
7,27,20,35,40,39,30,34,17
7,25,20,29,36,34,23,32,18
7,23,20,29,33,34,22,29,21
7,24,20,26,28,35,21,33,23
7,23,21,24,29,29,21,29,23
7,19,21,22,26,32,22,30,22
7,20,20,19,27,33,20,30,22
7,18,20,17,27,32,24,29,19
7,16,22,15,30,30,24,30,16
7,16,20,16,28,33,25,30,20
7,17,19,19,28,30,25,27,20
7,16,19,21,28,32,30,29,22
7,17,18,25,32,42,33,30,25
7,16,20,25,28,43,36,27,26
7,17,21,25,26,44,35,29,25
7,16,21,25,28,45,34,32,25
7,16,23,26,28,45,30,29,24
7,18,26,23,26,39,28,30,24
7,19,24,27,27,37,26,41,24
7,18,22,26,28,35,28,46,23
7,19,21,26,28,33,29,44,23
7,18,20,25,26,31,27,45,22
7,18,16,24,24,30,27,45,24
7,19,15,22,24,32,26,36,22
7,19,18,23,22,32,25,31,23
7,19,18,25,23,33,27,32,22
7,20,18,25,25,33,30,32,23
7,19,18,28,28,34,27,30,19
7,17,17,27,29,35,26,30,22
7,17,14,26,30,33,26,30,21
7,16,14,25,32,30,25,31,23
7,14,15,26,30,35,23,32,26
7,16,15,24,31,32,29,35,27
7,18,18,24,31,39,30,35,25
7,16,19,26,31,40,30,35,26
7,17,20,24,30,41,30,35,25
7,17,20,23,31,36,30,35,22
7,14,19,23,34,35,27,33,21
7,15,20,23,34,26,26,31,22
7,15,21,23,36,24,26,30,21
7,17,20,23,33,24,24,27,19
7,18,20,24,32,29,26,26,21
7,19,21,24,30,30,26,26,21
7,18,20,26,33,32,29,28,19
7,22,21,27,32,34,29,29,19
7,22,20,29,33,36,31,28,20
7,22,20,28,35,37,35,28,19
7,22,21,27,34,40,32,28,22
7,21,20,26,33,40,32,29,23
7,17,19,25,33,41,31,28,23
7,16,21,26,32,39,31,33,23
8,17,22,30,30,37,29,32,22
8,19,22,31,35,33,31,33,21
8,18,24,29,33,32,29,31,20
8,21,23,28,30,32,30,32,23
8,21,22,27,34,34,30,27,23
8,21,20,24,38,35,26,28,22
8,19,20,23,32,35,24,26,21
8,19,19,24,33,35,26,29,21
8,17,17,23,37,33,25,27,21
8,15,19,24,35,35,23,28,21
8,16,20,23,34,36,26,26,21
8,15,21,24,32,36,29,26,21
8,15,20,22,33,35,29,27,23
8,19,21,23,31,35,30,28,20
8,20,21,22,28,37,30,27,22
8,19,19,24,29,35,30,29,22
8,20,18,27,29,39,27,30,23
8,21,19,27,28,39,28,28,20
8,19,19,28,25,42,27,28,22
8,18,20,31,32,36,26,27,21
8,20,21,29,30,36,29,29,22
8,18,21,27,33,29,28,28,21
8,18,21,27,33,30,26,34,22
8,18,22,27,35,30,28,32,23
8,18,25,25,36,31,32,33,22
8,17,25,25,36,29,26,34,21
8,19,26,26,36,32,29,33,22
8,19,25,26,35,31,32,30,21
8,19,24,26,34,30,34,31,21
8,18,18,24,30,34,32,29,20
8,19,16,24,31,35,32,30,20
8,17,15,22,34,37,31,30,20
8,16,16,23,39,39,28,30,26
8,17,15,19,40,39,24,31,26
8,20,15,19,39,37,28,34,26
8,19,16,19,38,39,33,31,26
8,20,19,22,33,36,32,31,26
8,20,17,23,31,37,31,31,26
8,19,18,24,29,38,34,31,24
8,16,17,25,29,37,39,29,27
8,16,20,26,34,35,34,30,26
8,15,18,24,35,32,36,30,26
8,16,19,26,34,31,36,30,22
8,17,19,27,36,29,37,29,23
8,17,20,26,38,31,31,28,21
8,19,19,25,36,31,33,26,24
8,18,18,26,39,31,40,25,23
8,18,19,23,38,32,44,24,22
8,17,20,21,38,32,42,24,22
9,18,21,20,37,32,42,25,22
9,15,19,22,34,33,43,27,20
9,15,18,22,32,33,38,27,17
9,15,18,25,34,34,34,28,19
9,14,16,27,32,36,54,29,18
9,14,16,27,30,36,53,27,17
9,15,16,28,29,36,52,26,19
9,17,16,25,30,42,53,25,21
9,18,16,23,31,41,53,25,20
9,20,20,20,32,43,55,25,22
9,21,19,22,33,44,63,27,21
9,20,22,22,38,44,63,27,19
9,18,23,24,39,43,64,30,20
9,19,24,25,40,45,62,30,19
9,17,22,27,41,46,48,29,17
9,16,22,26,41,45,38,30,19
9,16,20,25,39,51,60,32,20
9,16,20,22,34,58,57,35,18
9,16,20,20,32,60,59,34,20
9,15,18,17,32,64,61,35,25
9,15,21,17,34,72,61,32,24
9,17,23,19,34,68,46,28,25
9,16,22,21,35,61,46,23,25
9,14,23,25,34,65,48,22,24
9,16,23,24,31,62,46,23,18
9,15,21,29,30,58,48,25,19
9,14,20,27,32,60,66,28,18
9,16,20,26,35,66,68,32,18
9,17,20,28,39,91,71,35,19
9,18,21,31,41,95,72,36,19
9,19,22,29,41,92,72,37,21
9,20,21,33,39,100,55,36,20
9,19,21,36,39,111,56,33,23
9,20,20,35,35,91,61,30,23
9,20,19,36,43,92,58,31,24
9,22,17,36,42,96,56,29,22
9,21,20,37,44,88,55,30,24
9,20,20,37,44,82,77,30,25
9,20,24,37,44,84,75,33,25
9,21,25,37,37,76,77,30,26
9,20,26,38,38,74,91,32,25
9,20,25,35,46,93,92,33,27
9,19,25,38,49,88,80,34,28
9,18,23,38,62,102,99,32,33
9,17,24,37,65,120,100,35,32
9,18,23,35,68,129,102,34,32
9,20,25,37,67,120,112,34,30
9,20,25,37,72,130,122,39,26
9,22,28,37,70,125,107,38,20
9,24,28,38,74,116,112,42,21
10,25,29,45,76,110,109,42,22
10,38,38,58,97,138,114,65,26
10,44,41,67,108,153,126,74,53
10,47,41,71,102,199,139,85,56
10,50,44,76,98,211,195,107,61
10,56,47,89,104,297,228,130,74
10,56,45,94,100,376,232,156,89
10,74,54,99,117,406,254,182,97
10,99,78,115,150,420,313,232,124
10,130,87,118,252,428,309,244,142
10,158,91,143,273,383,320,320,164
10,169,94,159,273,334,337,322,165
10,195,97,163,277,360,349,402,187
10,301,111,165,304,406,410,503,257
10,401,209,305,420,527,548,548,340
10,488,260,357,436,796,731,522,383
10,532,292,366,479,1187,971,649,434
10,533,308,414,590,1355,1028,649,433
10,526,319,452,633,1407,1184,585,472
10,489,272,427,569,1397,1270,587,465
10,429,230,380,583,1266,1220,598,473
10,386,203,375,616,913,1099,525,443
10,394,196,354,583,603,1062,521,453
10,389,179,352,523,406,863,506,466
10,369,174,295,569,271,656,510,470
10,355,178,308,632,248,559,507,464
10,353,164,315,645,175,411,437,485
10,462,155,322,632,165,368,381,576
10,503,141,279,656,138,340,372,611
10,505,141,287,653,125,308,375,599
10,531,127,296,643,135,327,358,621
10,603,133,310,694,157,338,377,677
10,533,116,280,706,165,309,382,614
10,509,128,318,752,178,302,396,565
10,553,126,304,721,176,310,347,597
10,531,133,292,681,168,285,343,576
10,459,129,262,607,151,281,330,519
10,439,128,247,611,156,316,306,496
10,385,108,198,560,141,327,315,440
10,329,106,216,625,144,317,296,402
10,309,105,205,637,156,328,289,377
10,281,102,257,592,162,334,307,323
10,302,123,267,561,160,317,343,343
10,303,126,257,566,164,310,333,343
10,254,126,248,492,160,286,318,291
10,273,124,267,432,165,273,332,288
10,294,130,214,445,160,274,321,293
10,312,113,200,419,150,268,318,300
10,326,107,206,380,159,285,294,334
10,343,106,202,352,157,279,365,343
11,322,105,175,352,141,296,361,312
11,307,90,214,332,150,325,364,318
11,252,88,215,319,155,319,336,295
11,219,90,198,310,167,283,343,261
11,230,90,200,284,173,287,262,282
11,236,84,221,289,181,264,263,295
11,242,92,207,279,166,216,250,294
11,261,93,199,267,168,206,252,290
11,253,95,207,264,129,215,248,289
11,213,92,215,282,122,200,275,253
11,197,98,208,278,107,213,269,236
11,187,91,194,289,114,211,266,222
11,174,87,198,281,99,209,269,224
11,161,82,190,273,102,254,267,186
11,164,75,176,243,99,257,266,196
11,169,64,153,232,96,251,273,199
11,150,66,128,226,84,252,288,185
11,139,64,116,241,89,248,296,168
11,142,62,122,240,90,178,298,175
11,124,60,112,253,94,183,278,140
11,130,56,98,270,105,199,255,139
11,146,62,111,263,110,205,251,168
11,130,66,131,233,116,253,337,164
11,214,79,152,236,118,313,328,226
11,221,83,164,270,114,315,330,238
11,222,87,167,278,107,307,334,239
11,218,78,162,288,106,305,361,221
11,231,78,171,301,109,312,294,219
11,165,73,144,297,123,293,293,164
11,178,76,141,254,140,308,299,188
11,190,80,135,236,159,313,306,210
11,209,82,139,236,156,308,266,216
11,212,79,117,227,154,286,243,222
11,205,75,120,246,152,243,259,218
11,218,74,136,263,144,260,278,225
11,263,74,154,253,138,295,269,274
11,315,98,171,269,154,326,263,344
11,310,110,177,335,182,317,264,343
11,356,118,201,322,178,326,260,372
11,341,116,182,328,185,323,256,360
11,298,109,169,343,182,278,285,317
11,306,104,170,322,173,260,272,329
11,324,99,178,270,146,276,278,367
11,308,92,164,265,148,308,274,362
11,316,91,179,262,138,284,251,373
11,315,93,180,280,134,289,234,370
11,252,77,167,300,134,305,254,316
11,241,70,162,281,129,279,264,284
11,245,79,164,316,120,253,278,298
12,263,83,160,327,116,310,268,315
12,260,90,168,305,120,308,280,310
12,263,93,168,314,133,288,282,295
12,261,99,163,326,134,346,334,296
12,229,94,159,297,152,340,340,253
12,208,96,160,305,154,289,369,206
12,251,98,168,311,150,300,371,241
12,236,93,169,281,133,314,357,228
12,227,82,167,278,130,266,291,204
12,233,78,159,284,109,262,279,211
12,242,68,155,246,143,258,267,224
12,195,55,141,254,149,254,226,186
12,199,58,137,245,148,238,221,185
12,197,59,136,250,155,216,219,193
12,171,59,127,235,167,235,222,174
12,190,62,129,237,138,258,208,210
12,195,63,123,213,130,257,223,208
12,192,57,113,221,136,247,221,211
12,193,57,112,190,125,297,206,213
12,200,58,109,204,105,278,187,213
12,162,49,93,217,131,262,237,161
12,157,51,110,229,137,275,250,156
12,156,62,118,223,135,279,271,151
12,165,63,114,218,140,234,275,176
12,163,61,136,224,147,252,305,187
12,155,72,134,207,177,248,283,197
12,196,76,134,201,185,259,311,215
12,220,80,149,228,207,272,313,262
12,215,85,146,263,207,281,317,245
12,227,91,137,252,204,280,303,241
12,232,89,140,251,165,302,275,228
12,237,92,132,262,153,269,248,261
12,249,85,132,254,122,259,234,238
12,247,81,134,246,123,255,232,237
12,237,78,132,240,124,243,209,244
12,233,72,128,228,130,224,220,245
12,237,67,130,203,132,222,197,236
12,196,64,126,204,131,229,197,220
12,216,59,140,255,140,272,269,252
12,217,60,141,266,145,276,288,251
12,236,63,149,294,147,266,284,274
12,202,68,150,294,155,265,287,257
12,231,75,144,291,161,300,305,274
12,212,93,128,258,175,264,248,242
12,225,95,131,305,209,295,232,250
12,202,94,125,321,207,311,247,220
12,193,86,118,360,198,317,247,208
12,166,83,117,361,198,314,214,173
12,168,63,111,361,223,317,200,173
12,138,56,100,340,191,293,198,142
12,147,59,106,301,189,291,203,154
13,144,70,118,309,191,311,240,147
13,142,68,118,347,196,292,239,148
13,151,75,139,342,143,297,250,157
13,148,75,143,338,133,296,243,162
13,134,75,133,342,137,286,232,149
13,148,66,119,307,138,265,184,144
13,143,62,114,246,129,243,184,141
13,132,58,101,217,129,236,180,134
13,140,54,102,218,147,248,216,137
13,163,53,110,210,141,255,205,168
13,158,55,114,195,134,259,201,176
13,161,59,119,222,144,264,202,188
13,155,55,120,224,139,280,249,183
13,151,61,124,205,151,291,234,186
13,150,55,127,227,146,288,231,185
13,157,63,134,228,151,282,226,197
13,177,61,126,216,146,289,226,206
13,175,62,116,237,168,266,181,206
13,170,60,104,232,147,244,160,196
13,153,64,95,221,146,256,186,171
13,136,53,89,234,158,283,204,148
13,112,51,99,238,167,287,215,136
13,117,50,102,217,158,301,210,148
13,119,54,105,208,156,308,211,154
13,184,52,114,214,170,298,191,195
13,189,53,112,189,160,299,177,197
13,196,58,112,177,144,308,190,192
13,224,61,119,205,142,286,214,213
13,229,58,127,241,145,271,224,215
13,182,59,125,249,142,273,237,187
13,180,56,123,257,142,251,260,187
13,172,57,119,242,137,283,296,185
13,142,59,109,222,132,313,293,158
13,155,57,133,190,139,317,302,170
13,155,60,142,168,136,320,296,163
13,164,63,159,172,160,335,309,174
13,186,61,163,184,163,334,271,222
13,186,55,170,187,180,326,289,228
13,182,56,154,193,183,340,289,218
13,190,52,144,196,183,333,290,230
13,186,56,122,216,174,350,278,222
13,170,66,118,251,173,299,305,183
13,170,69,111,250,155,302,274,166
13,170,69,107,248,151,311,275,177
13,159,68,103,256,156,309,270,164
13,150,67,125,228,153,335,264,163
13,138,56,120,187,148,374,226,154
13,139,52,116,185,160,375,224,162
13,140,52,115,170,164,386,215,149
13,165,51,125,160,159,393,262,155
14,183,60,125,168,163,345,262,163
14,180,60,129,160,166,308,269,166
14,180,58,131,197,164,318,303,162
14,168,58,125,228,147,276,297,167
14,163,57,127,224,151,272,261,177
14,146,58,129,276,135,316,267,169
14,169,55,135,283,138,322,282,208
14,167,55,141,250,145,361,257,204
14,168,57,140,224,154,380,282,196
14,166,75,136,221,151,390,282,210
14,181,79,117,168,166,369,276,209
14,159,80,104,181,173,360,255,162
14,170,89,96,210,179,325,249,201
14,202,90,103,227,177,326,218,225
14,190,79,95,244,205,320,213,195
14,172,68,97,228,214,298,205,197
14,202,91,104,209,236,300,199,212
14,331,124,121,187,316,257,207,344
14,321,129,119,164,341,214,203,355
14,325,128,118,140,366,202,190,371
14,352,148,136,138,393,202,177,414
14,360,151,151,167,436,187,166,432
14,251,121,136,165,424,195,129,346
14,241,119,140,179,427,203,134,338
14,243,143,157,203,557,190,159,369
14,201,124,141,196,564,181,147,329
14,158,109,138,224,660,185,141,337
14,131,118,148,238,688,180,151,324
14,125,115,141,227,686,183,135,309
14,109,85,122,198,576,248,97,279
14,106,82,123,200,556,257,96,276
14,90,74,104,142,395,262,85,240
14,77,54,90,127,346,263,55,212
14,76,50,88,133,403,250,65,209
14,54,46,78,135,391,181,64,163
14,46,40,73,139,386,160,61,143
14,46,41,67,141,376,145,63,103
14,44,40,62,118,319,144,66,98
14,35,36,57,103,213,156,53,92
14,37,37,58,96,205,156,52,91
14,36,66,55,83,179,158,50,81
14,31,69,54,69,187,177,54,83
14,35,89,60,66,194,172,55,82
14,31,90,60,70,194,160,64,64
14,29,90,60,71,185,155,66,64
14,29,77,60,74,188,153,67,65
14,30,76,63,75,185,133,65,56
14,26,54,53,74,190,129,60,54
14,28,51,52,67,213,123,48,64
15,27,49,54,64,205,129,48,61
15,28,41,57,72,239,145,51,68
15,28,33,46,70,225,139,50,65
15,31,36,54,74,242,137,52,78
15,31,37,55,73,221,134,48,69
15,35,44,54,72,264,130,52,69
15,37,44,55,68,236,92,48,71
15,37,45,58,65,242,93,50,72
15,39,41,51,64,209,98,54,71
15,37,40,49,62,203,101,57,75
15,37,41,57,70,183,96,52,71
15,40,40,51,66,182,104,51,62
15,42,39,50,71,183,143,47,63
15,39,37,52,68,204,143,44,49
15,41,42,57,72,206,146,43,40
15,38,32,45,67,181,150,41,52
15,32,28,44,67,174,158,40,56
15,27,27,43,63,176,125,42,63
15,27,28,40,62,154,116,39,64
15,27,23,32,57,150,109,39,65
15,26,22,30,50,144,130,42,52
15,24,25,28,55,151,113,43,75
15,27,26,27,52,138,121,41,66
15,27,25,32,53,133,139,39,66
15,27,23,31,56,138,143,39,66
15,25,25,33,69,178,123,37,68
15,25,26,32,61,184,129,37,36
15,23,24,32,66,208,148,41,34
15,24,24,29,67,226,139,42,38
15,27,27,40,66,261,144,47,56
15,30,28,46,53,237,176,44,56
15,29,25,49,55,254,176,47,57
15,32,27,50,48,239,162,46,58
15,30,28,53,51,227,162,45,54
15,27,25,47,52,204,169,37,35
15,24,22,41,54,203,138,39,31
15,24,24,41,55,192,133,33,40
15,20,21,41,59,183,144,33,38
15,20,21,38,56,175,152,34,40
15,20,21,39,53,181,145,43,43
15,23,22,47,59,184,145,44,58
15,24,21,44,59,165,149,46,55
15,22,22,43,70,228,130,46,56
15,23,23,41,67,233,155,47,54
15,24,23,43,81,245,145,44,53
15,22,27,38,78,235,138,46,34
15,21,25,40,80,241,138,46,29
15,22,26,39,67,190,138,43,27
15,23,24,40,68,184,87,42,31
15,20,23,38,55,165,99,41,30
16,19,18,38,54,168,109,37,28
16,21,20,35,48,156,138,39,36
16,23,21,38,51,159,136,38,36
16,20,22,37,56,163,139,37,33
16,22,22,32,59,159,138,39,35
16,21,25,29,57,155,153,36,34
16,25,25,33,55,164,125,32,26
16,24,23,30,54,169,128,39,27
16,24,24,32,51,162,151,39,28
16,24,25,32,45,142,143,37,25
16,34,26,33,48,144,124,39,25
16,35,25,33,52,132,129,41,24
16,39,27,35,50,125,163,34,34
16,39,25,34,54,146,139,38,33
16,40,27,33,58,148,144,37,35
16,32,25,31,64,152,141,35,38
16,27,23,28,63,156,142,34,37
16,21,23,26,63,156,120,36,29
16,20,23,27,62,141,121,34,29
16,20,21,28,61,167,116,37,27
16,17,20,31,54,165,135,39,23
16,18,24,36,54,188,135,40,23
16,19,24,36,57,186,119,41,19
16,19,23,35,55,185,120,39,22
16,19,22,33,55,168,123,39,30
16,18,20,30,63,185,104,40,32
16,18,17,28,71,174,106,42,32
16,17,14,30,70,173,103,42,33
16,18,17,32,72,176,104,42,32
16,18,17,33,72,172,101,41,24
16,18,20,34,67,154,116,42,23
16,17,21,30,58,140,111,38,23
16,18,21,28,57,139,120,35,21
16,18,19,33,59,152,117,33,22
16,17,19,34,55,152,132,31,23
16,18,20,35,51,152,146,26,22
16,18,21,35,54,152,144,30,22
16,17,21,34,56,150,132,31,22
16,18,21,30,57,127,140,33,20
16,19,20,28,59,133,127,34,18
16,18,20,27,60,139,91,36,20
16,18,20,26,66,159,85,34,19
16,18,21,26,67,168,104,30,19
16,16,22,26,71,194,101,31,20
16,15,24,29,66,182,111,31,21
16,17,24,27,65,183,121,31,21
16,19,21,28,54,163,156,33,22
16,20,22,28,58,152,152,36,23
16,21,22,27,53,131,173,41,24
17,23,21,28,59,145,166,40,24
17,21,20,32,63,158,174,41,21
17,21,23,35,67,172,146,42,22
17,21,23,36,61,169,146,39,19
17,19,22,37,60,172,119,35,20
17,19,22,37,57,171,154,39,21
17,19,21,39,55,160,146,43,23
17,18,21,37,52,147,145,44,23
17,19,20,41,51,151,138,46,24
17,18,20,40,47,159,138,47,22
17,18,21,39,44,166,127,43,23
17,17,21,34,47,166,118,37,21
17,18,20,35,50,170,118,32,21
17,15,20,30,52,165,129,31,22
17,16,20,32,51,168,137,33,22
17,15,18,32,50,150,110,31,20
17,17,18,33,53,143,155,36,22
17,19,17,33,47,144,160,38,22
17,19,17,35,55,154,159,40,21
17,20,17,34,57,134,163,40,20
17,21,20,32,65,132,166,43,20
17,19,19,34,63,141,125,44,18
17,17,19,36,71,144,133,44,17
17,17,19,36,66,138,139,41,18
17,18,21,34,63,135,128,42,20
17,18,19,37,56,144,131,42,22
17,20,20,35,52,146,151,39,23
17,22,21,34,46,143,142,40,22
17,21,19,30,45,179,145,42,22
17,20,19,32,46,180,143,38,20
17,19,19,31,47,182,152,34,20
17,18,20,33,52,185,158,36,21
17,17,22,32,55,178,158,36,23
17,18,23,33,57,142,155,38,25
17,19,24,34,60,151,183,40,25
17,19,24,36,59,140,171,39,23
17,20,23,37,55,128,153,35,23
17,19,21,36,54,159,164,37,27
17,18,21,34,59,160,172,33,39
17,16,23,32,57,153,141,37,48
17,21,24,32,59,172,138,44,51
17,19,22,28,63,177,138,45,60
17,17,24,29,60,152,127,43,59
17,19,26,30,51,165,114,45,52
17,20,24,33,57,182,114,44,54
17,16,23,36,58,177,135,40,52
17,17,24,38,53,173,150,43,43
17,17,22,41,51,175,143,43,42
17,17,21,42,50,154,142,43,40
17,16,20,38,46,136,144,40,24
17,16,18,32,40,140,149,41,38
18,21,22,40,41,154,143,45,38
18,23,24,38,46,149,145,45,41
18,23,26,39,57,183,139,47,42
18,24,28,41,56,178,141,45,41
18,24,29,45,64,185,134,46,29
18,20,25,36,64,175,116,39,25
18,21,25,44,66,205,145,44,21
18,21,24,42,61,177,155,42,20
18,22,21,42,60,174,155,46,48
18,22,22,38,55,164,157,49,60
18,23,24,40,55,167,196,49,65
18,22,21,31,56,131,190,51,70
18,23,21,32,68,152,181,53,76
18,26,25,34,76,163,178,50,64
18,28,26,35,76,144,165,47,55
18,29,25,39,107,161,128,56,51
18,35,25,40,105,168,107,55,46
18,37,30,42,97,162,113,53,41
18,39,29,44,92,162,112,65,54
18,39,32,45,95,169,125,86,59
18,41,34,45,58,166,124,100,60
18,38,35,46,60,164,130,109,62
18,38,32,48,66,170,136,131,60
18,35,32,54,76,167,171,165,57
18,42,33,59,80,175,178,176,72
18,72,37,59,82,178,187,174,108
18,105,50,88,93,190,224,180,145
18,132,66,127,142,229,239,231,181
18,144,78,148,153,237,244,273,190
18,196,94,187,185,286,261,315,254
18,221,101,224,243,309,292,389,356
18,245,110,252,261,352,330,441,381
18,341,110,242,418,359,387,504,534
18,406,123,242,546,431,413,512,576
18,450,127,250,575,428,424,566,605
18,465,143,243,574,475,441,581,581
18,505,158,233,637,507,423,589,623
18,497,168,312,755,589,386,555,574
18,479,174,347,875,567,435,579,580
18,484,176,367,932,552,451,587,544
18,521,184,425,1021,500,493,598,607
18,488,166,454,1060,453,513,646,569
18,491,163,443,940,315,529,692,549
18,468,162,439,813,270,482,711,514
18,437,160,440,785,280,474,652,533
18,374,137,381,717,266,416,592,442
18,368,159,353,672,236,378,492,433
18,331,163,321,679,231,371,434,414
18,326,148,301,622,216,368,367,409
18,322,165,261,592,190,393,357,396
19,343,176,269,550,190,405,368,400
19,327,157,240,509,182,416,392,387
19,330,159,239,464,177,383,335,365
19,327,159,212,445,165,425,299,359
19,282,147,224,475,179,376,302,313
19,228,140,214,477,193,352,280,271
19,224,137,214,467,277,342,254,254
19,136,124,185,479,285,360,263,174
19,220,120,189,490,326,337,253,221
19,241,104,172,414,318,367,263,253
19,283,100,151,407,321,357,270,303
19,295,105,156,408,246,345,268,305
19,295,95,162,392,228,333,264,313
19,231,102,172,417,180,273,264,266
19,220,96,160,406,178,271,265,252
19,173,78,167,367,151,310,267,212
19,161,68,153,319,157,324,270,213
19,169,72,144,324,154,373,279,203
19,172,64,123,270,148,391,267,205
19,156,62,126,291,141,369,308,182
19,149,65,139,320,157,336,318,168
19,155,73,182,299,163,336,330,178
19,149,70,182,307,160,309,315,187
19,156,73,182,299,155,308,319,198
19,174,75,173,260,147,301,276,206
19,181,71,154,200,131,301,265,204
19,161,69,102,224,115,301,245,181
19,175,72,120,217,112,263,232,202
19,168,74,118,233,99,254,232,198
19,164,76,122,233,103,275,218,188
19,174,78,125,221,118,319,222,205
19,175,77,137,188,133,308,214,209
19,161,72,119,194,139,351,235,176
19,170,62,122,176,157,353,222,173
19,166,68,114,190,163,357,202,192
19,157,66,107,198,158,310,194,176
19,148,63,89,217,159,322,203,168
19,144,72,102,205,165,274,189,181
19,140,72,100,200,154,263,197,186
19,141,63,96,184,147,222,190,190
19,131,64,97,202,156,223,174,188
19,162,70,117,201,142,290,169,202
19,163,64,105,193,140,300,195,199
19,153,66,104,202,156,328,188,184
19,141,69,108,206,154,380,188,170
19,140,69,108,181,149,399,223,165
19,129,66,98,199,147,356,205,171
19,124,65,98,192,152,366,164,164
19,133,66,114,188,135,354,244,180
19,157,63,126,191,137,310,261,202
20,154,63,133,203,133,298,242,209
20,139,59,133,176,142,311,264,204
20,155,74,126,178,141,322,284,214
20,145,72,122,168,160,298,228,214
20,120,73,120,173,157,315,237,187
20,124,72,110,169,161,306,257,179
20,133,73,108,176,159,281,261,183
20,115,56,139,187,156,263,257,178
20,131,67,144,194,133,330,266,175
20,137,115,140,179,131,311,250,184
20,137,115,152,181,145,347,216,191
20,126,114,148,172,142,334,184,172
20,154,115,127,165,137,319,192,195
20,144,105,112,175,147,242,207,193
20,138,47,103,175,147,260,201,179
20,132,49,98,165,138,232,203,171
20,133,55,91,153,133,246,222,176
20,113,56,95,141,133,272,210,149
20,110,56,103,116,149,304,175,153
20,107,55,106,119,153,310,187,154
20,122,54,100,121,147,289,192,153
20,117,48,104,129,150,278,170,140
20,103,54,105,137,154,317,157,136
20,108,54,113,141,125,293,192,129
20,125,53,124,141,130,266,177,145
20,113,56,123,137,119,287,189,151
20,115,55,132,147,114,321,195,157
20,135,55,137,149,113,278,187,178
20,135,54,121,153,115,295,173,178
20,117,54,121,165,105,321,174,162
20,128,51,123,174,103,322,157,181
20,133,52,112,153,107,316,175,183
20,119,53,90,137,100,318,176,167
20,120,55,92,144,98,308,155,181
20,127,62,86,137,118,298,162,182
20,115,66,86,146,128,291,167,174
20,119,66,94,147,132,270,153,177
20,127,60,103,148,133,281,162,182
20,129,68,107,151,130,276,177,174
20,126,58,101,142,121,286,189,192
20,127,52,101,133,108,283,195,183
20,128,56,99,151,103,282,193,198
20,114,62,95,162,119,245,211,187
20,106,54,93,168,120,257,231,179
20,118,58,92,205,134,266,224,194
20,121,61,96,208,138,280,220,187
20,120,66,102,224,159,293,231,160
20,150,61,102,225,147,350,218,198
20,157,63,104,220,158,340,197,208
21,157,65,112,212,149,301,253,203
21,159,62,106,230,164,307,259,209
21,155,53,99,205,143,295,252,218
21,138,58,100,196,150,231,281,182
21,132,56,99,212,148,249,270,168
21,123,52,88,196,151,271,241,136
21,119,54,92,187,137,268,240,139
21,128,53,90,183,141,287,236,147
21,119,48,91,192,148,297,199,146
21,114,50,115,189,148,326,254,150
21,104,50,122,174,144,336,251,155
21,101,49,128,153,145,355,247,150
21,92,68,129,178,152,364,274,153
21,112,72,124,166,141,357,277,163
21,153,78,101,160,142,328,236,195
21,169,78,115,168,136,320,225,196
21,173,79,108,178,144,302,224,211
21,174,71,107,148,130,322,185,202
21,174,71,108,151,150,342,192,201
21,167,64,117,123,148,407,200,196
21,153,64,99,121,150,425,187,196
21,156,64,117,137,142,436,193,178
21,152,57,125,144,142,400,225,173
21,149,50,123,145,115,407,248,176
21,130,47,110,150,108,353,247,152
21,140,46,114,147,120,324,251,175
21,130,46,87,128,125,305,242,172
21,130,56,86,127,121,312,257,185
21,117,55,88,121,128,316,247,177
21,109,60,91,126,131,326,246,165
21,98,60,85,134,127,372,233,146
21,94,63,96,143,127,374,247,142
21,93,59,86,147,137,387,208,130
21,86,58,84,151,137,369,201,127
21,113,58,88,158,141,357,220,145
21,141,57,89,162,134,337,231,156
21,143,51,82,146,132,308,232,161
21,145,46,78,140,131,279,222,154
21,158,51,79,157,133,273,206,174
21,135,47,80,147,118,258,235,171
21,109,45,70,131,118,255,230,154
21,136,59,93,149,115,277,246,189
21,135,58,96,152,114,286,253,196
21,124,57,106,130,107,290,260,180
21,125,60,112,123,134,303,202,187
21,128,60,115,133,135,292,206,181
21,102,46,100,113,150,310,208,141
21,98,49,103,105,150,330,216,143
22,91,50,92,121,151,318,224,135
22,99,47,85,134,137,309,229,129
22,93,48,88,120,144,307,263,129
22,95,47,84,136,121,333,230,129
22,96,44,78,141,137,359,219,115
22,101,49,89,132,149,388,204,123
22,105,50,87,118,147,409,203,133
22,110,48,86,115,141,399,181,140
22,118,51,99,98,145,385,195,166
22,197,61,108,115,134,381,252,195
22,207,70,100,121,129,390,259,199
22,203,72,97,125,129,369,265,189
22,214,73,95,132,149,375,250,185
22,225,74,126,180,162,369,245,196
22,175,73,139,179,161,339,199,175
22,168,60,148,173,156,304,191,174
22,168,59,154,176,163,291,171,168
22,152,62,154,177,174,292,182,165
22,151,66,122,133,169,272,172,121
22,255,66,98,123,203,241,158,133
22,464,120,142,159,361,232,190,164
22,468,148,189,181,499,260,210,196
22,479,154,201,210,588,258,194,264
22,477,157,205,215,598,264,224,284
22,426,154,205,216,589,281,216,277
22,187,120,184,200,596,274,178,260
22,180,88,146,181,524,243,169,267
22,150,79,130,149,447,213,167,313
22,130,66,130,147,464,175,123,302
22,124,70,140,164,554,157,126,324
22,98,66,127,176,495,152,117,327
22,91,64,114,187,559,155,96,306
22,78,60,118,207,606,196,104,197
22,77,64,122,230,661,193,102,209
22,92,87,138,231,745,192,119,189
22,98,96,153,255,820,231,140,185
22,104,115,163,270,876,235,147,245
22,116,125,167,274,881,212,154,248
22,122,128,164,261,843,222,163,244
22,111,114,149,247,753,219,147,235
22,102,107,130,217,693,173,131,232
22,88,81,110,179,551,193,120,169
22,69,61,96,143,489,217,97,161
22,51,53,85,125,469,206,71,131
22,35,42,69,134,399,200,66,116
22,34,43,66,126,348,232,63,105
22,31,41,63,126,334,207,62,89
22,34,42,59,125,311,208,60,80
22,32,41,57,116,313,207,65,75
22,32,40,54,98,316,213,60,74
22,33,37,44,86,272,179,53,79
22,32,35,42,79,249,185,50,71
23,30,36,46,107,260,147,50,81
23,25,33,45,109,235,154,47,80
23,24,31,39,108,260,135,48,73
23,26,28,42,110,271,136,53,66
23,28,29,44,116,308,149,57,77
23,28,28,39,96,272,156,54,64
23,31,27,42,95,268,149,56,68
23,32,30,48,93,229,150,55,69
23,27,29,45,86,211,144,52,68
23,27,26,48,77,163,157,46,57
23,27,28,53,72,213,151,44,56
23,26,28,54,72,211,151,37,52
23,24,26,50,74,211,149,36,52
23,26,28,50,76,210,157,37,52
23,23,28,44,84,197,135,34,50
23,21,26,40,89,198,130,36,39
23,20,27,34,89,212,127,36,36
23,21,25,31,88,222,164,36,32
23,19,25,31,93,264,169,42,77
23,23,28,40,87,270,155,44,77
23,21,27,37,74,226,152,44,79
23,22,25,37,72,216,179,44,81
23,25,27,45,68,222,155,49,81
23,26,24,45,71,197,146,44,42
23,24,19,38,90,206,156,42,39
23,25,22,39,89,209,162,44,36
23,27,22,45,100,217,159,45,26
23,24,21,39,99,201,150,42,40
23,27,25,39,99,204,155,45,38
23,26,26,40,78,180,166,45,39
23,28,27,49,104,198,178,49,38
23,26,28,45,93,188,149,47,39
23,30,36,57,101,229,155,53,26
23,28,35,56,91,200,163,48,34
23,26,34,56,96,213,150,50,34
23,26,34,47,69,196,150,45,35
23,25,34,49,73,218,154,45,35
23,20,25,34,62,172,154,39,34
23,19,24,37,61,187,171,43,27
23,19,23,37,60,198,180,41,38
23,18,20,38,69,204,171,46,37
23,19,20,43,80,196,182,53,38
23,17,21,44,82,199,188,52,39
23,16,21,47,91,193,182,49,39
23,19,23,46,94,190,186,51,29
23,20,27,45,86,176,177,52,28
23,20,24,38,76,157,172,44,35
23,21,26,37,76,159,221,47,34
23,21,24,33,74,165,213,45,33
23,18,24,33,71,174,201,45,32
24,16,21,33,89,207,218,41,32
24,16,21,35,88,221,216,40,23
24,15,23,34,89,220,163,36,21
24,18,23,35,92,230,150,37,21
24,20,22,35,89,212,158,33,21
24,21,21,40,72,179,153,31,20
24,42,22,38,68,168,146,31,50
24,48,18,38,64,178,140,30,51
24,49,18,34,56,167,143,31,51
24,49,18,36,64,179,136,31,52
24,50,19,31,63,201,137,32,53
24,33,20,33,62,191,148,33,30
24,24,21,34,61,183,148,38,27
24,23,21,36,55,165,142,39,27
24,26,28,41,64,175,154,44,24
24,27,33,45,65,167,142,47,24
24,27,34,45,67,168,153,47,20
24,28,33,46,79,170,151,44,22
24,27,34,47,89,187,168,43,21
24,24,29,40,79,158,149,38,22
24,24,23,36,81,188,145,34,22
24,26,25,39,81,197,151,35,20
24,27,28,40,85,236,173,39,22
24,29,29,37,79,228,166,43,22
24,29,28,38,81,232,170,45,23
24,27,28,38,89,209,193,46,23
24,26,24,37,90,210,175,46,22
24,26,22,34,75,153,167,41,22
24,22,19,35,72,176,160,40,21
24,22,18,34,69,181,156,37,22
24,22,22,32,60,192,145,36,21
24,23,23,29,66,180,141,37,21
24,22,22,27,66,180,119,40,18
24,25,24,30,71,186,144,37,18
24,26,28,35,74,177,143,38,15
24,25,26,36,73,157,130,36,17
24,24,25,36,73,171,128,34,17
24,23,24,39,75,181,137,29,17
24,22,24,38,74,165,124,28,20
24,18,19,32,67,174,131,26,20
24,18,18,31,69,201,128,28,20
24,17,18,34,66,204,127,32,21
24,18,18,34,62,201,137,35,22
24,17,19,32,60,198,142,34,19
24,16,19,36,68,193,144,35,20
24,19,21,35,64,184,146,39,18
24,18,21,33,57,185,174,37,17
24,17,21,28,59,192,162,35,17
24,16,20,30,65,179,142,36,18
24,16,20,26,63,200,140,37,18
25,15,19,26,61,185,147,33,17
25,16,18,28,64,178,134,35,17
25,18,20,29,63,176,135,37,18
25,18,20,30,57,191,144,39,15
25,18,20,32,61,214,138,38,16
25,18,19,32,63,219,126,37,18
25,19,20,31,63,219,122,37,17
25,17,18,34,71,242,145,42,19
25,18,23,33,74,231,142,38,21
25,20,24,31,71,190,148,39,20
25,22,28,31,67,181,162,39,19
25,22,30,34,65,175,172,39,22
25,21,29,30,59,126,154,34,23
25,21,26,28,58,188,162,38,22
25,22,25,30,56,183,191,37,21
25,22,22,35,58,182,182,40,22
25,22,21,34,61,188,177,40,19
25,23,24,36,59,192,210,39,16
25,23,24,39,62,145,204,36,18
25,21,24,39,63,159,185,37,18
25,19,23,34,65,161,183,32,18
25,17,23,31,62,163,214,31,18
25,16,20,30,65,176,179,34,18
25,16,20,27,61,180,185,34,17
25,15,24,29,61,176,227,32,18
25,16,23,29,55,172,232,32,19
25,16,24,31,57,174,204,30,18
25,16,24,31,54,161,209,27,23
25,17,25,36,50,169,219,26,23
25,19,21,32,47,160,171,27,24
25,18,22,33,49,158,170,27,22
25,18,19,37,52,155,175,28,22
25,20,19,36,50,167,178,29,19
25,18,19,29,50,146,164,29,18
25,17,21,32,56,150,168,27,17
25,19,21,35,60,170,162,32,20
25,20,22,31,60,170,147,39,22
25,21,22,32,67,172,148,40,21
25,22,21,34,66,174,155,42,21
25,22,18,36,62,174,154,44,22
25,22,18,36,66,164,159,43,20
25,20,17,35,74,201,170,37,20
25,19,15,38,72,201,185,34,21
25,17,18,37,72,203,182,31,21
25,18,19,34,73,210,176,32,20
25,19,21,32,68,211,179,31,20
25,20,20,33,59,166,185,31,19
25,20,22,30,55,149,164,32,18
25,20,20,32,57,152,183,31,18
25,22,21,31,55,169,207,32,20
26,20,19,30,54,164,196,30,21
26,22,22,34,55,171,182,30,22
26,23,21,36,53,173,184,33,24
26,26,23,36,54,186,194,38,23
26,24,26,36,59,160,165,37,25
26,23,26,36,60,174,166,39,24
26,22,25,32,57,173,179,39,25
26,20,26,35,59,169,179,41,24
26,17,24,38,62,144,148,43,26
26,18,23,44,80,195,161,43,25
26,18,24,42,80,179,163,40,24
26,19,24,46,81,197,142,50,22
26,22,23,43,85,201,148,48,21
26,51,26,49,86,199,170,57,43
26,58,27,48,68,180,155,69,46
26,59,27,48,69,197,162,70,47
26,59,31,44,81,200,166,67,50
26,59,32,46,73,203,159,76,52
26,38,31,38,70,212,123,79,42
26,38,30,41,78,194,138,87,48
26,44,31,46,86,220,140,96,55
26,59,32,63,86,200,189,116,79
26,65,34,69,106,209,196,139,104
26,72,34,77,117,213,203,142,122
26,79,41,78,140,238,203,158,133
26,86,43,84,147,215,265,201,148
26,103,41,88,142,216,233,259,178
26,119,46,92,159,219,276,274,187
26,117,48,89,161,270,327,297,181
26,119,47,94,146,302,374,360,192
26,130,59,100,164,326,361,363,209
26,142,64,102,193,336,382,370,206
26,163,64,100,179,358,390,376,226
26,239,90,149,242,341,456,478,338
26,304,94,169,319,297,429,457,380
26,325,114,234,367,312,484,467,442
26,366,125,254,398,329,563,448,501
26,537,151,264,507,397,662,481,646
26,557,152,296,539,397,634,490,639
26,558,171,305,552,424,634,490,649
26,566,161,268,646,431,588,511,660
26,565,155,263,679,440,550,556,658
26,497,138,285,640,358,492,559,571
26,475,135,250,667,371,475,492,573
26,448,117,226,652,365,586,485,552
26,453,130,222,622,388,635,465,512
26,457,157,213,636,367,604,487,488
27,388,156,200,668,380,619,451,482
27,392,157,197,678,361,615,464,471
27,403,162,222,740,341,572,447,496
27,386,172,264,752,288,542,413,491
27,343,150,278,740,279,548,404,492
27,314,149,277,695,262,467,440,461
27,304,145,298,635,307,476,410,502
27,297,136,294,564,316,488,414,522
27,310,119,284,516,330,463,468,528
27,316,116,275,469,362,467,407,507
27,317,115,282,509,371,489,368,513
27,305,127,275,520,367,508,393,467
27,310,137,287,493,366,431,414,492
27,336,144,261,433,355,422,371,516
27,336,151,250,428,317,455,343,515
27,320,150,236,364,337,457,335,475
27,302,135,223,327,308,415,267,451
27,272,122,196,343,306,428,260,351
27,197,94,195,313,282,451,265,265
27,175,80,202,285,288,404,295,239
27,187,77,184,263,265,360,303,266
27,216,80,155,246,244,408,326,273
27,259,79,169,198,251,468,331,311
27,315,89,182,228,267,453,345,366
27,332,103,170,225,262,445,319,377
27,331,106,166,247,238,447,348,365
27,306,102,170,239,236,415,336,331
27,271,108,147,238,202,348,314,287
27,200,100,118,205,179,334,274,225
27,178,82,130,204,186,365,282,206
27,151,91,138,186,220,369,252,183
27,194,99,140,186,228,366,295,234
27,191,89,137,196,244,370,294,241
27,189,88,136,188,253,412,291,227
27,205,89,127,179,257,439,305,262
27,205,72,120,163,255,447,279,262
27,154,72,111,161,254,476,229,218
27,146,72,106,149,235,447,240,202
27,155,86,111,154,226,446,242,223
27,137,82,115,160,215,433,211,171
27,151,83,130,165,176,431,213,193
27,162,90,137,165,152,410,227,199
27,162,102,143,156,164,416,208,206
27,149,104,140,154,147,401,232,193
27,148,126,134,137,151,374,254,206
27,132,127,112,135,156,347,251,186
27,123,120,101,141,154,308,230,185
27,114,127,102,144,151,336,216,168
27,117,125,97,145,148,300,195,164
27,104,121,96,148,137,271,204,146
27,98,119,93,136,133,261,193,139
27,106,118,87,120,130,252,190,145
27,127,104,72,122,121,215,225,154
28,128,101,69,144,138,283,220,152
28,120,85,76,155,135,311,196,151
28,139,100,82,160,152,380,223,176
28,140,101,86,183,157,387,245,168
28,148,109,90,182,164,417,231,181
28,161,110,93,161,153,396,240,189
28,161,108,93,156,154,410,247,200
28,159,97,92,160,151,360,235,192
28,151,106,94,136,153,369,222,192
28,127,90,94,131,142,332,201,178
28,122,85,93,130,143,344,199,156
28,125,82,83,129,151,358,203,148
28,114,84,87,131,152,383,213,136
28,125,69,88,138,177,434,217,150
28,128,75,87,137,183,452,233,142
28,121,80,81,142,185,454,248,169
28,132,84,88,132,205,485,233,169
28,134,75,89,168,211,493,217,176
28,119,77,81,165,190,456,229,164
28,123,73,87,172,211,474,232,177
28,136,70,102,169,218,477,208,176
28,129,65,100,175,204,424,202,179
28,144,70,100,159,186,428,232,183
28,148,67,98,155,189,518,207,185
28,153,69,96,156,156,504,193,185
28,132,64,80,156,150,506,222,162
28,129,75,74,149,145,481,246,151
28,113,73,67,131,144,469,224,139
28,107,73,65,123,141,362,222,129
28,92,67,58,110,143,318,239,114
28,125,67,64,139,136,297,225,175
28,124,67,63,160,132,324,224,196
28,118,66,67,152,127,298,238,194
28,136,73,69,171,115,298,279,206
28,139,75,70,175,122,355,264,207
28,160,78,81,166,141,336,265,183
28,164,66,87,141,130,338,263,172
28,165,64,91,149,130,337,258,180
28,161,61,91,130,132,311,219,182
28,162,67,94,127,127,299,238,181
28,122,61,84,119,109,320,242,179
28,116,63,84,117,120,364,225,171
28,115,61,82,105,123,384,212,158
28,107,59,84,119,141,398,209,172
28,105,53,81,122,138,390,191,168
28,109,55,80,119,138,371,163,157
28,124,57,80,125,144,319,156,159
28,119,58,74,139,150,289,148,160
28,114,56,71,129,142,316,147,126
28,134,61,76,134,162,317,160,154
29,136,59,84,126,164,340,164,146
29,131,60,88,126,192,391,231,144
29,145,67,94,132,192,390,238,170
29,146,68,101,138,208,370,282,197
29,124,63,96,142,197,364,273,173
29,107,65,90,148,200,369,284,184
29,95,60,82,147,159,309,235,180
29,97,56,73,128,164,318,248,158
29,105,60,67,130,140,357,197,133
29,106,56,68,129,144,340,209,135
29,110,53,68,125,140,321,200,124
29,119,56,73,145,153,354,223,128
29,107,51,74,153,146,376,204,134
29,106,48,73,144,151,330,207,151
29,107,55,80,133,147,342,207,158
29,114,63,80,150,141,361,217,153
29,117,67,88,133,142,363,196,168
29,120,73,92,150,132,345,216,175
29,136,76,98,151,122,346,220,158
29,142,71,95,168,147,379,227,161
29,140,65,100,169,150,368,234,167
29,133,56,94,183,160,352,237,151
29,128,52,95,180,166,368,219,158
29,114,59,150,187,169,385,231,162
29,109,65,186,186,157,374,222,150
29,114,63,197,180,170,459,209,161
29,115,65,197,167,153,524,199,165
29,153,64,204,175,158,504,198,174
29,152,51,172,184,159,484,194,180
29,160,62,152,191,150,461,198,201
29,168,72,144,181,132,371,199,192
29,166,82,152,196,133,293,247,197
29,149,83,149,181,138,363,275,187
29,141,87,151,165,136,372,268,186
29,133,80,135,145,134,368,280,183
29,120,91,129,154,153,387,300,175
29,121,86,121,138,152,354,281,173
29,107,91,112,133,155,300,259,161
29,125,89,104,133,162,354,257,151
29,127,89,96,140,175,365,257,134
29,122,75,98,144,164,375,243,151
29,132,73,98,137,167,374,235,160
29,130,68,116,169,164,370,242,155
29,118,67,115,189,152,347,240,163
29,114,67,113,188,136,334,207,161
29,115,64,115,187,137,347,181,164
29,107,72,110,186,140,360,195,153
29,112,69,90,152,132,467,180,162
29,108,72,92,142,137,445,181,162
30,109,75,103,152,141,471,191,165
30,120,78,94,141,142,440,210,166
30,126,70,95,160,151,434,228,178
30,133,72,104,162,149,314,227,186
30,143,74,108,179,170,375,289,183
30,157,67,113,176,184,371,288,186
30,148,60,113,182,192,404,295,187
30,141,54,113,170,183,407,272,181
30,132,57,107,185,189,393,281,176
30,130,48,121,177,179,344,231,171
30,109,48,127,168,157,349,237,168
30,108,50,125,156,182,417,221,160
30,112,58,138,160,202,472,240,154
30,111,58,156,178,217,473,283,156
30,121,77,156,158,231,499,325,204
30,157,95,149,155,240,478,326,219
30,160,97,157,173,217,403,353,216
30,159,97,154,188,190,371,342,217
30,169,98,152,173,173,433,338,211
30,163,99,137,171,160,447,292,166
30,137,94,136,172,160,454,286,162
30,129,99,168,179,160,461,256,160
30,135,101,160,154,171,445,248,186
30,119,98,147,145,160,453,219,183
30,108,84,147,151,157,431,251,182
30,130,79,164,157,161,448,251,203
30,140,83,130,139,179,443,255,212
30,130,94,148,150,191,438,256,187
30,124,96,146,132,207,426,234,181
30,133,100,145,148,216,398,185,184
30,118,93,127,136,210,359,192,162
30,103,97,144,149,203,340,172,198
30,104,86,130,140,193,319,155,220
30,108,79,123,141,185,235,139,234
30,220,84,128,127,231,213,132,331
30,220,83,129,140,274,211,110,334
30,225,70,107,126,310,174,95,337
30,230,69,108,137,366,156,96,334
30,234,76,121,156,398,141,101,327
30,136,76,117,150,455,143,136,290
30,134,78,110,147,532,135,143,279
30,145,81,117,156,649,128,159,337
30,140,84,118,235,912,178,169,423
30,142,87,115,233,922,172,168,473
30,144,80,125,237,945,176,146,482
30,137,81,121,241,968,186,133,481
30,116,75,107,238,900,186,113,424
30,110,66,104,161,658,165,95,326
30,96,52,94,162,643,164,93,249
30,71,48,70,150,584,160,79,136
31,52,39,67,133,462,157,78,120
31,49,36,63,117,444,155,73,99
31,38,32,54,108,400,119,61,95
31,30,31,50,90,384,112,54,88
31,23,27,47,95,381,105,50,88
31,25,26,42,96,409,89,50,82
31,25,23,39,101,408,73,44,83
31,24,20,39,89,374,70,45,69
31,25,22,43,82,369,68,43,62
31,25,30,47,74,324,55,38,53
31,22,30,48,66,272,53,31,48
31,20,29,48,65,243,53,28,58
31,17,29,43,64,229,45,26,54
31,18,30,40,64,216,42,25,54
31,18,23,35,66,235,43,26,54
31,22,23,36,77,258,44,33,65
31,23,24,33,78,255,45,35,61
31,24,27,39,87,289,53,37,63
31,24,24,36,85,296,55,39,67
31,23,24,39,91,283,57,42,68
31,21,26,42,94,252,62,39,71
31,20,26,42,88,264,63,39,72
31,21,25,37,84,220,58,51,72
31,23,27,45,90,238,77,49,68
31,24,29,46,88,215,98,47,73
31,25,28,44,84,227,132,47,63
31,26,29,44,85,243,190,48,85
31,26,31,43,81,249,197,37,86
31,25,31,40,77,226,200,37,87
31,30,40,57,75,219,228,79,90
31,37,47,80,76,273,237,107,102
31,76,50,94,95,313,225,135,92
31,85,51,99,111,407,246,147,104
31,87,51,100,110,417,243,150,147
31,88,45,92,130,478,212,144,164
31,89,50,92,142,541,183,138,174
31,65,56,81,154,580,150,117,183
31,59,56,84,151,534,139,109,193
31,59,56,85,158,532,166,107,176
31,56,58,84,143,508,160,95,159
31,50,48,64,128,415,171,79,142
31,42,38,66,104,337,197,73,118
31,34,34,56,102,319,181,65,89
31,28,34,52,90,309,156,61,66
31,26,31,51,90,260,165,58,66
31,24,29,47,89,252,168,50,64
31,21,26,41,80,265,154,43,63
31,22,26,42,67,269,173,36,68
31,25,25,42,83,287,191,39,74
31,26,24,44,77,318,193,39,79
32,29,26,45,85,328,186,38,81
32,30,28,46,101,318,180,41,81
32,33,31,42,102,303,161,42,81
32,29,28,41,96,299,143,41,67
32,28,26,38,97,280,166,42,74
32,26,25,41,95,258,174,43,76
32,25,24,37,80,218,171,40,81
32,22,22,43,110,288,212,46,75
32,22,24,51,113,299,214,46,76
32,22,25,52,119,297,206,45,53
32,22,25,48,117,302,206,47,45
32,23,27,51,116,295,200,45,31
32,22,24,46,90,220,216,42,40
32,22,25,38,82,181,221,44,67
32,27,26,34,72,192,210,46,72
32,29,26,40,76,196,199,46,74
32,26,26,43,78,224,216,47,77
32,27,29,50,76,225,152,42,74
32,28,29,49,81,231,165,37,54
32,26,31,53,74,204,170,37,47
32,25,34,64,105,224,180,36,83
32,26,32,61,105,208,157,35,82
32,28,33,60,108,234,229,40,86
32,28,34,61,107,230,208,42,83
32,26,31,60,111,230,210,39,87
32,27,29,46,77,197,208,37,68
32,28,30,45,76,182,229,38,66
32,25,26,39,73,169,158,36,62
32,24,24,36,64,182,156,36,67
32,28,26,43,60,197,170,45,66
32,26,23,41,58,190,172,44,79
32,28,23,42,62,220,157,43,82
32,29,24,43,63,211,160,46,82
32,29,23,43,76,205,189,47,78
32,24,20,34,75,191,170,39,81
32,25,22,33,74,214,159,41,66
32,20,19,29,68,197,145,42,64
32,20,21,33,67,243,139,38,61
32,21,23,34,51,240,146,35,61
32,20,24,33,46,241,179,38,60
32,20,24,35,50,234,183,38,42
32,20,24,39,55,240,223,38,41
32,19,22,41,50,195,226,40,46
32,20,23,42,52,189,199,39,57
32,20,22,41,55,189,172,38,50
32,18,23,41,64,173,190,38,58
32,21,24,36,61,158,155,38,58
32,20,24,28,59,142,155,40,59
32,20,25,24,60,161,167,39,64
32,20,25,24,62,201,164,36,71
33,21,24,23,54,196,164,33,65
33,19,24,32,53,190,160,33,66
33,19,21,33,56,205,156,30,62
33,17,19,34,58,191,169,30,45
33,17,19,35,56,156,173,30,61
33,22,20,37,62,171,151,39,68
33,24,21,31,61,166,152,39,69
33,24,23,28,64,149,182,38,69
33,24,22,27,61,155,165,39,70
33,24,22,28,64,168,166,42,46
33,22,21,25,58,180,174,36,86
33,20,22,23,57,189,177,35,86
33,20,19,27,51,200,162,36,87
33,18,18,28,51,198,171,41,88
33,20,18,29,51,197,162,43,88
33,17,19,34,51,195,186,43,40
33,19,15,38,51,189,196,43,78
33,20,19,38,49,184,197,41,80
33,20,19,40,53,184,205,41,79
33,19,19,38,53,167,223,43,78
33,21,23,36,59,156,200,43,78
33,17,25,34,62,150,184,43,38
33,22,30,39,78,198,174,43,30
33,23,32,38,76,199,149,36,40
33,26,32,40,75,216,119,34,39
33,27,29,39,71,215,115,32,40
33,28,30,40,68,222,130,32,40
33,26,23,34,54,181,135,35,39
33,25,21,33,58,189,136,34,50
33,21,20,36,56,169,155,32,76
33,20,21,37,53,165,183,34,78
33,21,18,34,57,166,186,37,80
33,18,22,34,53,167,190,34,81
33,18,23,37,48,148,215,36,70
33,19,23,35,55,173,197,36,51
33,19,23,36,59,172,191,36,47
33,16,24,38,58,185,188,34,42
33,17,22,37,60,176,178,33,41
33,19,22,36,61,181,166,32,39
33,18,24,31,51,144,183,27,20
33,20,23,33,50,142,200,25,21
33,20,22,32,49,127,198,26,21
33,20,20,32,43,115,193,26,18
33,18,20,28,42,105,178,26,19
33,16,18,29,42,117,192,29,19
33,14,20,24,42,119,160,31,17
33,15,19,22,43,137,151,32,33
33,18,20,21,43,150,166,34,34
33,18,19,23,45,154,176,37,34
33,20,19,23,48,179,148,38,34
34,20,17,25,47,176,139,41,35
34,23,18,31,50,156,159,40,22
34,21,16,32,54,168,176,42,35
34,22,16,35,56,175,165,40,36
34,21,16,40,58,171,163,39,36
34,21,15,41,62,186,189,36,37
34,19,16,37,60,188,182,38,36
34,18,20,37,60,175,154,36,23
34,19,19,35,57,165,157,40,23
34,18,19,30,51,145,161,43,22
34,19,21,30,44,133,133,41,20
34,19,20,32,41,133,136,38,20
34,19,18,29,37,143,146,38,19
34,18,21,26,41,146,157,35,19
34,18,21,24,47,154,159,28,19
34,16,20,22,46,168,171,28,19
34,15,20,24,51,165,153,28,19
34,15,19,26,50,173,172,32,22
34,16,18,29,46,168,157,53,22
34,15,18,31,42,160,161,59,23
34,17,18,32,44,145,158,60,25
34,17,17,29,43,160,172,63,24
34,16,17,30,45,136,180,62,21
34,15,16,30,45,137,190,47,21
34,16,18,30,44,146,179,42,19
34,15,19,30,45,135,176,41,18
34,15,19,31,39,119,172,36,20
34,16,22,29,42,121,149,36,20
34,16,21,31,48,120,137,36,19
34,16,20,37,52,134,160,35,19
34,16,22,36,52,131,167,37,18
34,16,23,37,54,127,195,41,17
34,17,23,38,52,119,184,82,17
34,17,25,39,46,121,210,143,24
34,20,25,37,53,104,217,180,30
34,22,27,44,84,236,215,262,34
34,58,31,53,128,276,218,317,84
34,73,35,78,144,286,278,351,104
34,112,62,121,184,327,302,415,185
34,132,67,127,188,347,338,463,210
34,186,74,129,184,286,351,444,266
34,217,89,144,201,307,401,436,310
34,220,95,161,216,340,371,434,327
34,244,89,152,247,326,414,486,344
34,288,89,180,321,414,430,521,361
34,295,88,191,366,435,483,601,372
34,349,98,245,421,404,463,705,380
34,394,110,251,419,384,505,744,417
34,397,124,270,409,376,536,774,392
34,375,134,303,416,278,602,774,378
35,398,142,321,464,247,601,752,401
35,341,134,295,405,239,616,782,381
35,302,139,299,493,225,610,805,362
35,283,123,288,512,213,576,713,381
35,290,132,268,479,170,501,759,413
35,253,130,262,436,151,527,724,387
35,251,137,271,463,143,495,585,381
35,241,123,258,393,143,475,569,362
35,235,124,249,374,143,489,589,350
35,216,116,240,374,142,524,496,314
35,200,120,235,400,155,471,577,330
35,201,103,204,405,149,508,595,334
35,245,121,201,383,155,502,515,363
35,235,124,206,372,145,449,538,338
35,234,116,178,362,150,374,516,349
35,226,103,159,311,140,384,413,293
35,217,104,161,352,153,410,398,270
35,180,85,163,360,137,433,407,205
35,234,79,162,343,145,452,356,276
35,254,70,154,356,127,471,366,288
35,256,66,155,354,136,433,362,326
35,277,64,148,267,123,425,333,340
35,270,62,144,262,134,443,330,348
35,245,56,136,293,152,481,339,311
35,268,76,132,261,153,457,304,308
35,262,81,125,247,169,461,315,266
35,246,81,149,286,174,422,413,245
35,247,81,142,296,175,418,408,240
35,235,84,136,279,163,386,383,222
35,178,69,154,352,163,415,397,182
35,165,62,165,351,147,456,403,174
35,166,63,149,308,153,455,318,205
35,177,63,148,296,137,413,337,216
35,168,64,144,284,125,391,358,212
35,183,65,124,204,138,374,325,220
35,183,69,105,185,132,381,345,230
35,177,71,97,188,123,405,324,207
35,142,63,127,209,134,405,328,178
35,140,62,146,215,172,404,319,178
35,126,67,159,198,162,450,333,186
35,138,68,161,206,161,407,368,192
35,144,64,161,216,160,367,380,189
35,173,65,136,180,164,408,369,210
35,173,73,132,179,129,415,355,212
35,163,67,119,179,132,387,355,199
35,161,66,115,161,132,378,267,182
35,147,68,119,150,133,384,295,175
35,131,67,112,139,124,345,273,165
35,131,59,103,121,111,317,267,167
35,150,62,105,118,129,297,273,161
36,156,62,107,136,123,347,280,181
36,162,67,99,148,137,348,237,190
36,157,72,101,148,151,335,254,189
36,150,69,91,175,157,331,308,187
36,135,68,87,185,153,343,313,169
36,116,68,88,170,154,335,312,158
36,103,60,85,155,149,319,333,154
36,101,52,88,167,136,334,321,144
36,119,58,98,158,142,362,303,147
36,154,54,99,147,124,369,297,193
36,204,50,101,170,121,373,326,219
36,219,59,109,173,107,374,298,236
36,215,61,117,188,103,403,301,235
36,222,55,114,182,92,419,264,251
36,197,54,113,188,101,388,248,231
36,159,59,118,190,111,356,249,213
36,214,53,116,184,120,343,282,243
36,215,52,107,171,115,317,271,244
36,204,51,102,177,121,270,336,232
36,216,54,103,176,120,335,338,247
36,216,52,103,165,126,340,302,238
36,154,52,103,185,111,366,284,204
36,212,61,108,174,119,371,296,261
36,214,60,106,158,110,394,236,253
36,208,60,114,171,107,345,248,235
36,199,77,99,170,88,334,258,230
36,203,103,97,158,97,310,230,222
36,158,98,90,158,93,298,229,164
36,171,102,104,158,107,314,267,201
36,171,105,101,145,110,295,256,201
36,169,92,108,138,114,287,263,199
36,152,60,106,124,119,366,276,200
36,139,64,101,124,110,360,272,202
36,116,62,89,126,92,326,225,164
36,109,74,78,122,87,366,243,179
36,168,78,87,128,79,372,255,214
36,203,77,88,140,70,333,256,236
36,201,72,95,140,90,388,275,230
36,221,71,97,143,94,407,291,237
36,240,67,95,142,91,396,278,227
36,215,64,82,125,104,410,242,204
36,192,67,77,109,102,395,232,170
36,191,70,74,102,91,343,200,162
36,163,65,70,97,88,315,165,145
36,125,48,72,93,92,309,175,127
36,134,45,70,101,85,295,201,154
36,124,46,70,112,85,293,234,149
36,135,54,72,137,81,276,234,157
36,142,70,76,148,84,306,264,171
37,149,70,77,149,82,285,279,178
37,127,73,76,146,82,268,268,172
37,118,73,79,139,74,295,236,167
37,118,66,80,138,87,316,272,162
37,112,55,74,123,85,298,251,155
37,105,61,70,115,86,298,240,158
37,92,68,81,124,88,323,231,116
37,92,62,79,139,91,275,233,128
37,71,63,70,126,93,279,194,135
37,66,60,70,136,102,291,189,132
37,86,57,75,157,108,291,151,136
37,110,50,73,155,113,269,192,142
37,117,55,71,141,113,320,205,145
37,127,52,76,142,108,345,200,144
37,133,56,76,135,105,358,211,161
37,135,55,70,113,95,366,231,170
37,123,52,59,114,84,356,201,167
37,125,48,61,124,88,315,184,162
37,122,49,60,126,96,282,240,162
37,121,39,61,122,97,239,276,142
37,105,36,64,120,104,210,286,134
37,104,33,64,134,104,239,302,156
37,104,36,64,134,98,244,300,165
37,100,38,63,129,83,237,276,160
37,101,52,69,132,74,222,257,162
37,105,57,65,149,66,301,262,150
37,103,64,75,150,68,310,243,141
37,106,63,73,154,81,299,267,137
37,117,63,72,154,83,311,261,136
37,120,54,70,166,87,330,261,143
37,115,52,84,171,104,281,246,142
37,125,44,78,162,111,286,274,162
37,122,44,76,156,101,294,262,159
37,106,41,74,158,103,286,252,154
37,109,43,70,162,115,278,251,153
37,117,47,87,161,109,277,252,149
37,112,49,94,155,118,261,253,149
37,106,50,108,171,122,269,273,151
37,109,56,117,184,124,313,286,166
37,98,55,124,178,116,335,286,159
37,130,49,111,170,111,332,289,182
37,125,48,107,184,106,356,296,157
37,121,60,104,181,107,357,289,149
37,126,88,95,186,112,335,270,136
37,141,90,97,206,119,322,254,149
37,112,96,97,206,117,327,249,146
37,119,135,108,201,106,370,232,150
37,133,140,100,203,108,379,215,167
37,149,130,109,203,99,370,227,196
37,139,138,104,183,93,351,259,191
38,138,137,107,208,101,347,251,174
38,139,107,91,213,103,262,244,178
38,147,95,91,201,103,237,261,169
38,133,84,93,205,118,250,255,156
38,135,73,100,215,113,298,215,166
38,135,71,93,195,110,293,214,174
38,166,65,97,181,108,336,201,220
38,156,69,101,187,113,336,196,222
38,153,69,95,176,112,310,208,224
38,150,72,101,185,116,306,217,218
38,157,74,100,175,107,329,231,222
38,120,83,101,176,106,287,277,178
38,119,87,97,177,98,307,277,176
38,133,92,95,165,81,341,270,155
38,133,89,87,150,92,364,278,160
38,122,98,83,161,98,396,274,161
38,118,96,80,180,94,421,235,148
38,116,92,95,175,91,421,225,160
38,103,88,91,169,103,405,264,161
38,102,89,82,171,101,387,268,149
38,106,75,81,169,104,333,252,135
38,110,70,88,154,107,289,274,133
38,104,83,86,157,114,305,323,110
38,106,95,108,177,110,352,291,112
38,106,102,113,158,95,329,282,113
38,112,105,115,142,91,326,310,122
38,103,99,119,138,96,357,285,119
38,109,104,112,147,93,336,221,118
38,136,95,104,129,89,306,223,120
38,153,95,102,134,96,292,255,128
38,143,99,113,133,112,296,227,109
38,145,103,102,123,110,260,220,109
38,145,90,102,96,115,239,219,106
38,115,87,89,84,119,179,204,140
38,90,76,82,69,119,186,129,131
38,90,66,63,74,104,184,110,139
38,96,56,65,117,102,181,124,144
38,84,42,55,120,93,176,114,147
38,70,41,51,121,86,162,116,98
38,62,38,49,120,80,144,112,94
38,55,32,48,128,97,114,182,92
38,34,40,53,126,95,102,173,80
38,35,42,66,147,111,116,178,69
38,36,39,70,148,151,118,177,94
38,96,55,94,157,279,125,181,160
38,150,71,128,221,483,179,115,308
38,155,76,131,226,515,186,129,370
38,169,92,142,216,569,171,135,447
38,219,107,150,286,683,181,144,480
38,223,102,150,311,788,224,156,509
39,195,96,127,282,757,195,157,447
39,194,94,123,299,816,209,146,407
39,185,80,112,322,845,208,130,349
39,128,62,102,265,789,199,120,302
39,79,56,81,240,661,173,110,221
39,69,48,75,225,599,168,98,199
39,62,38,67,179,518,154,89,177
39,51,35,58,133,442,161,82,138
39,37,33,47,133,387,168,78,123
39,37,33,51,115,402,143,64,112
39,35,36,50,105,376,143,60,101
39,32,37,45,103,344,156,55,118
39,31,36,43,98,298,146,48,92
39,31,32,43,87,322,166,47,98
39,31,32,43,94,278,178,42,94
39,30,31,49,94,280,179,49,100
39,30,32,51,92,284,160,51,95
39,28,31,53,90,287,166,49,90
39,24,31,55,89,241,139,48,80
39,21,30,52,90,268,116,48,84
39,21,28,45,86,248,122,41,75
39,21,26,43,88,252,130,44,56
39,21,24,39,80,243,134,46,54
39,22,22,36,83,232,133,45,54
39,21,23,32,68,188,141,45,43
39,21,23,33,73,209,140,46,36
39,22,23,31,73,206,148,42,38
39,24,23,32,76,221,151,45,53
39,24,25,33,80,242,156,45,54
39,24,27,38,85,252,154,44,55
39,23,25,36,78,233,147,42,54
39,21,25,38,69,207,121,39,54
39,19,26,37,71,197,102,33,41
39,17,23,37,64,192,86,33,39
39,16,19,30,54,177,70,32,38
39,18,23,35,56,178,126,32,39
39,16,22,35,55,173,133,32,28
39,20,21,32,52,176,136,32,23
39,22,23,31,54,147,137,30,20
39,22,22,32,59,146,166,32,35
39,20,20,29,60,164,127,31,34
39,22,22,26,60,172,124,32,35
39,20,21,28,58,192,134,35,37
39,20,25,33,59,195,174,35,37
39,19,25,34,61,204,165,37,23
39,20,24,34,60,203,172,43,23
39,17,24,35,64,190,203,41,22
39,17,24,35,76,164,218,39,20
39,17,20,33,83,193,234,43,22
39,19,21,32,82,183,235,40,21
40,19,20,33,82,171,238,37,21
40,22,19,37,84,179,236,37,20
40,23,23,39,86,177,219,40,20
40,22,23,38,81,163,187,38,18
40,22,25,37,83,165,174,39,18
40,22,27,37,82,196,181,40,21
40,21,27,34,78,196,157,41,20
40,20,26,32,65,211,155,40,19
40,18,25,31,75,209,140,37,19
40,20,25,31,74,213,161,35,18
40,21,22,34,81,195,143,30,17
40,20,21,33,83,221,131,28,17
40,18,19,33,87,218,144,34,19
40,18,20,35,90,201,140,36,20
40,17,18,41,89,206,154,36,22
40,16,18,38,91,212,150,39,20
40,18,18,37,92,186,152,40,20
40,19,19,34,86,193,142,38,20
40,19,19,31,70,206,165,40,19
40,18,19,31,75,192,137,41,21
40,18,20,30,67,176,136,40,23
40,17,21,35,72,178,133,45,21
40,18,20,37,77,176,159,44,23
40,19,21,37,76,167,132,42,23
40,20,22,31,75,193,131,43,22
40,21,21,30,79,195,132,42,21
40,20,21,25,76,213,134,40,21
40,18,20,23,74,196,153,38,21
40,18,20,24,73,194,158,35,20
40,17,20,22,70,176,165,33,19
40,15,19,27,75,193,171,34,19
40,16,18,26,88,204,185,35,19
40,18,19,27,92,229,152,38,19
40,16,19,26,91,234,155,38,19
40,15,23,29,93,235,146,43,19
40,18,26,24,96,238,195,42,19
40,19,26,25,81,212,185,41,21
40,18,25,26,85,209,186,39,19
40,20,26,30,84,204,185,42,21
40,21,23,30,81,204,202,39,21
40,21,20,31,70,200,162,42,19
40,22,22,34,71,202,164,42,19
40,23,24,33,59,181,162,40,21
40,25,23,31,61,187,173,39,20
40,23,25,31,58,185,168,37,20
40,22,28,30,66,165,189,34,20
40,19,26,26,63,159,217,37,19
40,17,27,36,62,189,220,38,18
40,16,31,35,60,197,215,38,18
40,17,30,36,64,196,249,37,18
41,17,29,35,56,191,235,38,18
41,16,30,36,58,185,215,33,20
41,16,27,28,64,149,206,32,20
41,14,21,29,65,132,215,34,18
41,15,20,26,74,115,160,37,19
41,17,24,38,83,159,152,36,21
41,19,27,40,84,170,142,36,21
41,20,28,39,81,173,161,38,21
41,20,29,39,88,210,149,38,21
41,21,30,41,82,226,156,37,20
41,20,26,31,73,211,151,37,20
41,20,27,31,72,207,149,43,20
41,22,29,38,77,242,155,42,20
41,22,28,41,71,214,145,42,21
41,20,28,39,77,208,144,42,23
41,20,28,41,75,205,156,42,23
41,18,26,42,71,204,183,39,24
41,16,23,36,66,155,174,41,23
41,15,25,33,74,169,177,40,23
41,15,24,36,70,171,174,40,21
41,15,28,36,70,175,165,40,21
41,13,26,33,71,174,134,39,18
41,14,24,33,70,179,150,40,18
41,15,22,35,69,176,145,40,17
41,14,21,34,65,171,179,38,17
41,14,16,38,66,167,182,38,20
41,14,15,37,66,189,184,39,21
41,17,20,37,65,184,162,34,24
41,17,19,38,58,200,186,36,24
41,19,21,38,58,203,155,36,24
41,23,20,33,56,198,153,34,22
41,23,20,35,58,179,160,32,22
41,20,17,37,55,189,164,32,19
41,20,17,32,56,158,171,33,19
41,19,18,30,67,176,178,33,18
41,15,20,28,67,175,180,33,18
41,16,20,25,64,168,171,32,17
41,17,20,25,64,164,179,36,15
41,18,22,26,67,162,161,30,16
41,18,20,28,56,139,144,33,18
41,19,21,30,56,152,134,35,18
41,18,21,30,60,161,190,38,19
41,17,24,29,65,167,188,37,18
41,15,25,29,64,161,197,36,18
41,15,27,33,73,171,201,34,15
41,15,26,34,70,155,214,33,15
41,17,27,34,67,161,198,31,15
41,18,25,34,65,139,198,32,18
41,17,25,35,61,136,191,35,18
42,17,25,32,57,130,211,37,22
42,18,25,30,61,160,219,39,22
42,17,27,34,70,200,197,38,22
42,17,27,35,74,216,193,35,21
42,17,25,36,74,220,212,36,24
42,16,23,34,70,220,194,34,20
42,15,23,34,70,217,178,33,21
42,12,23,35,71,180,173,33,20
42,12,22,34,65,169,207,35,20
42,13,21,31,77,161,184,33,16
42,16,25,36,105,153,183,39,17
42,16,25,40,117,134,186,40,16
42,18,23,37,113,124,229,41,40
42,20,22,38,120,125,189,46,43
42,19,23,39,111,131,199,47,46
42,18,23,35,88,123,195,42,47
42,17,23,33,70,137,204,43,47
42,20,25,39,75,136,172,46,31
42,18,27,40,69,137,179,43,28
42,18,25,39,74,164,175,40,22
42,19,24,39,79,182,188,44,19
42,19,25,40,80,169,193,41,22
42,14,25,32,82,166,182,35,21
42,14,23,35,81,158,185,35,20
42,15,24,37,76,131,183,37,19
42,14,24,37,75,112,195,30,19
42,14,21,32,87,108,182,29,17
42,15,20,32,89,109,184,31,19
42,15,20,30,92,126,187,31,21
42,15,19,25,90,131,182,29,20
42,14,20,27,89,135,185,31,20
42,14,20,27,73,148,170,37,19
42,15,18,29,83,162,171,35,20
42,14,20,31,83,161,177,34,17
42,15,19,30,84,156,196,38,20
42,18,19,30,86,152,179,40,19
42,20,20,35,101,151,190,60,20
42,21,22,39,92,142,191,82,22
42,39,26,43,89,130,202,99,32
42,46,36,58,94,154,200,111,44
42,67,39,67,132,173,191,137,72
42,81,44,67,136,194,217,160,82
42,93,45,69,141,209,226,165,95
42,95,46,68,161,233,222,175,117
42,104,46,70,187,235,220,288,144
42,102,45,67,162,233,251,309,143
42,99,45,81,159,224,239,330,152
42,98,49,93,181,239,253,352,165
42,96,52,101,199,224,282,388,153
42,105,54,110,178,206,331,329,144
42,99,60,123,190,204,344,345,150
43,107,64,123,251,254,369,409,168
43,137,68,122,244,290,387,422,183
43,168,68,130,240,298,408,414,217
43,194,69,126,253,312,389,432,293
43,216,67,123,253,338,400,453,336
43,218,68,156,225,303,399,421,348
43,210,64,160,215,270,409,411,341
43,210,71,156,253,287,409,393,338
43,180,70,162,295,285,416,430,271
43,155,81,176,345,267,394,383,214
43,155,88,159,355,265,379,350,180
43,149,88,151,381,251,348,338,177
43,132,82,147,366,216,299,336,171
43,190,80,143,356,211,321,254,254
43,195,67,122,325,186,361,269,255
43,199,59,125,309,190,377,270,256
43,211,62,133,291,187,415,270,254
43,201,61,130,269,190,416,280,241
43,152,61,119,229,186,413,274,163
43,148,61,118,229,198,391,247,161
43,132,59,119,226,185,462,227,160
43,110,56,110,234,165,466,261,153
43,114,60,126,245,161,494,256,154
43,142,62,137,243,173,462,265,168
43,198,70,156,256,213,455,292,262
43,217,76,151,243,241,403,313,260
43,218,77,153,218,256,365,321,278
43,228,75,140,203,265,377,317,307
43,213,72,131,224,262,413,316,297
43,160,61,107,196,228,413,326,218
43,155,51,92,186,209,405,303,249
43,171,51,91,202,205,399,267,258
43,168,50,88,233,200,351,261,229
43,159,47,84,216,186,338,254,221
43,164,50,87,211,180,350,215,233
43,162,45,81,216,182,340,281,222
43,150,49,85,218,176,339,274,218
43,157,49,90,186,210,387,299,241
43,206,56,93,179,222,390,321,286
43,223,55,88,163,225,431,320,297
43,215,58,86,174,214,446,258,285
43,215,51,77,164,212,444,271,271
43,203,49,76,168,193,444,254,250
43,162,44,82,190,200,459,216,226
43,142,43,86,220,199,402,226,202
43,145,37,85,210,195,381,227,214
43,134,57,98,229,196,421,189,216
43,137,68,108,264,170,397,216,209
43,128,75,110,260,168,439,243,190
43,116,78,112,231,166,451,235,187
44,104,82,115,244,181,443,246,168
44,176,73,106,220,187,433,320,255
44,184,67,95,168,202,420,308,265
44,183,58,90,157,176,332,290,265
44,204,59,81,205,174,303,287,286
44,274,56,82,190,173,289,314,359
44,247,62,85,190,164,247,251,323
44,246,67,91,190,151,297,233,326
44,248,67,87,196,155,314,231,327
44,262,70,107,160,165,356,265,362
44,192,71,102,153,146,366,226,298
44,198,65,100,156,141,362,231,283
44,204,58,101,156,144,323,242,287
44,205,59,108,142,152,292,245,282
44,179,54,94,149,154,256,208,223
44,192,49,93,165,164,240,203,239
44,191,49,98,165,188,271,203,233
44,181,47,92,164,192,262,181,220
44,180,45,83,178,187,294,186,220
44,184,47,76,183,199,349,212,215
44,164,52,79,180,190,344,232,170
44,144,53,71,178,171,326,217,163
44,133,59,76,199,189,412,212,152
44,126,60,75,183,207,396,207,148
44,102,56,80,166,219,348,224,132
44,98,52,81,186,222,356,206,138
44,103,49,83,200,236,366,207,130
44,106,43,77,174,216,303,218,139
44,116,44,86,180,202,301,243,143
44,112,44,82,197,181,307,224,149
44,130,48,89,178,186,308,226,154
44,118,46,86,153,164,324,224,155
44,113,45,83,170,181,321,259,154
44,109,46,81,177,176,325,249,149
44,113,42,82,162,152,312,232,144
44,96,36,72,155,141,335,258,134
44,90,44,76,161,164,294,261,121
44,96,44,72,140,161,360,234,105
44,93,40,66,119,164,387,243,106
44,95,45,69,117,174,414,248,116
44,100,47,70,113,193,424,242,127
44,105,41,69,113,174,444,246,139
44,100,38,79,115,159,368,253,141
44,101,41,76,130,153,352,233,146
44,99,45,73,123,152,318,227,136
44,95,43,65,137,139,303,192,132
44,99,46,56,127,160,297,195,134
44,104,47,48,129,163,296,166,144
44,110,49,62,128,169,269,180,140
45,106,44,62,131,168,272,171,138
45,118,49,70,139,169,278,183,158
45,116,47,75,152,146,286,170,150
45,114,57,77,171,142,275,177,149
45,102,53,72,187,143,329,200,165
45,111,52,72,181,138,319,227,173
45,100,48,72,169,131,384,238,166
45,95,49,68,158,139,364,243,174
45,96,39,67,135,155,366,262,179
45,103,39,68,94,152,351,245,164
45,114,38,63,94,181,372,226,182
45,111,36,63,96,179,268,203,184
45,124,34,76,103,187,307,204,182
45,132,30,73,107,179,313,170,182
45,128,29,69,118,182,308,150,178
45,139,34,73,125,151,334,165,172
45,138,37,71,126,154,334,162,151
45,142,38,67,130,142,305,165,162
45,136,39,71,135,131,324,180,143
45,150,39,72,134,130,292,235,151
45,133,40,72,138,149,262,234,132
45,139,42,72,128,155,258,239,138
45,122,41,63,125,153,265,246,119
45,132,41,60,125,160,293,244,136
45,127,41,62,120,158,290,222,133
45,118,35,59,107,145,317,232,129
45,112,30,57,126,143,344,230,132
45,119,31,62,124,156,352,224,132
45,100,29,59,122,149,327,224,113
45,86,30,59,127,154,358,208,109
45,88,32,64,139,154,330,231,114
45,93,33,67,124,147,324,241,119
45,90,33,61,125,127,307,260,116
45,94,33,62,127,126,295,267,121
45,100,35,64,149,118,281,258,128
45,101,39,60,161,97,274,218,118
45,111,43,65,172,103,253,214,125
45,105,45,81,169,128,285,198,127
45,110,45,84,180,147,338,214,141
45,107,51,83,166,146,339,213,136
45,106,51,98,155,153,338,213,146
45,90,47,101,152,147,381,211,136
45,100,48,92,153,130,358,194,139
45,93,48,89,130,116,345,200,120
45,98,46,97,128,129,333,204,129
45,101,46,82,124,137,336,220,146
45,105,46,72,114,153,286,237,145
45,101,44,70,112,156,301,244,160
45,103,44,69,114,169,266,217,168
45,101,40,74,107,180,300,212,175
46,97,35,73,117,177,292,198,164
46,100,37,70,116,175,290,197,172
46,98,37,72,127,187,273,204,169
46,103,41,81,139,172,258,205,172
46,126,37,69,145,150,220,220,172
46,129,40,72,152,160,286,247,176
46,124,37,73,175,158,292,236,164
46,124,34,72,170,149,300,247,151
46,115,39,69,182,167,326,281,139
46,93,42,76,187,178,340,277,140
46,86,49,94,183,189,377,263,125
46,83,50,96,172,200,389,282,134
46,104,55,103,169,200,388,286,155
46,122,51,99,155,197,419,245,161
46,118,52,94,166,203,414,245,154
46,126,44,78,152,179,360,239,165
46,138,45,74,142,168,342,219,172
46,126,46,63,157,164,342,192,164
46,134,51,72,171,152,290,187,191
46,143,50,70,152,144,279,187,189
46,149,56,69,157,153,316,199,186
46,144,60,76,163,139,321,185,190
46,147,61,89,152,153,325,207,188
46,131,57,82,124,169,323,210,155
46,119,58,87,143,183,315,220,149
46,112,53,92,163,203,275,215,156
46,103,54,95,166,213,337,212,148
46,118,47,83,171,204,333,201,162
46,118,50,84,187,195,360,255,169
46,118,47,83,190,190,372,230,173
46,113,49,75,169,193,387,218,167
46,121,44,61,157,209,325,259,184
46,115,48,75,158,212,307,275,182
46,127,46,76,154,233,265,226,181
46,124,46,81,133,234,256,232,175
46,125,44,80,144,236,198,235,173
46,119,52,86,156,225,257,208,136
46,103,58,73,158,223,263,170,115
46,90,59,68,139,199,267,163,107
46,97,58,57,143,188,264,184,138
46,106,60,57,124,152,271,177,136
46,118,58,58,108,145,232,165,170
46,185,63,62,89,164,218,159,223
46,196,61,68,97,170,207,163,227
46,192,66,93,123,214,191,136,210
46,186,65,96,127,230,184,123,207
46,178,60,94,125,251,175,104,184
46,110,58,101,129,285,171,102,142
46,89,62,104,133,360,166,104,186
47,98,55,88,128,461,161,91,208
47,98,72,104,153,527,152,96,216
47,105,83,113,173,640,171,101,232
47,103,81,112,195,719,183,103,214
47,95,77,110,201,756,185,96,174
47,84,80,111,195,742,191,105,154
47,84,68,104,181,721,185,105,165
47,77,70,111,190,689,190,118,148
47,64,66,105,196,602,188,110,149
47,59,71,104,189,544,178,107,139
47,59,72,102,194,520,174,108,128
47,53,75,92,204,547,165,105,126
47,43,70,68,196,498,128,82,119
47,42,68,66,174,501,114,81,117
47,41,64,60,180,470,130,78,115
47,41,59,47,160,425,149,64,114
47,37,49,42,144,366,151,56,72
47,33,37,40,139,365,149,48,56
47,32,38,36,134,406,147,48,36
47,29,37,37,119,414,134,44,75
47,26,36,38,120,407,113,40,76
47,26,38,36,118,389,116,39,76
47,22,37,29,93,343,123,39,77
47,23,37,43,104,284,132,44,76
47,23,34,42,110,275,153,48,37
47,22,34,41,114,282,152,48,32
47,21,33,42,107,276,143,46,39
47,20,28,43,113,272,126,47,38
47,18,23,29,96,261,142,39,38
47,19,27,31,95,262,127,33,37
47,20,28,34,92,240,126,35,37
47,21,29,32,94,244,126,35,23
47,21,29,33,93,270,127,36,23
47,21,30,35,92,260,116,35,24
47,20,28,33,96,314,120,37,23
47,17,26,30,96,316,129,37,23
47,17,25,35,98,333,136,36,41
47,19,23,34,100,356,134,35,40
47,18,22,33,104,355,140,33,40
47,22,25,37,103,347,130,40,41
47,33,31,47,110,355,126,48,43
47,34,30,47,107,340,121,50,31
47,34,33,49,106,307,176,51,33
47,34,33,48,115,306,163,52,32
47,32,32,46,113,262,173,45,30
47,20,26,37,103,241,172,37,28
47,20,25,35,103,235,173,33,24
47,19,23,32,101,198,118,30,21
47,18,25,36,87,188,132,34,20
47,17,21,33,80,169,115,36,21
47,18,23,32,81,178,114,35,21
48,17,21,31,76,172,108,35,20
48,17,20,31,83,171,117,37,20
48,16,17,26,79,183,98,35,18
48,17,21,26,90,198,97,35,20
48,16,20,25,88,199,135,38,18
48,19,26,27,97,253,142,39,23
48,19,27,26,98,267,147,37,22
48,20,28,26,95,253,154,37,22
48,22,29,29,80,251,155,34,22
48,24,29,29,79,249,140,32,25
48,22,24,29,71,193,137,29,21
48,23,24,31,74,197,145,30,23
48,23,25,33,76,225,147,26,24
48,21,23,31,75,222,152,28,24
48,19,24,31,74,235,135,26,24
48,20,27,29,72,235,132,31,25
48,18,26,25,62,233,109,34,24
48,18,25,24,60,213,99,37,23
48,19,25,28,62,199,82,37,22
48,22,25,35,91,231,140,41,19
48,26,23,38,89,247,140,42,19
48,26,24,39,84,227,140,40,21
48,25,25,39,93,236,154,39,21
48,26,26,39,96,237,159,40,20
48,23,22,33,76,206,119,39,21
48,18,21,30,75,186,116,36,20
48,18,20,28,75,192,121,35,17
48,18,18,25,65,188,96,33,17
48,18,13,21,67,217,100,33,20
48,19,15,20,66,198,101,31,19
48,20,16,20,89,195,122,34,20
48,20,15,24,88,196,139,34,20
48,22,17,30,95,227,155,36,21
48,25,20,32,91,227,152,37,20
48,25,19,32,90,243,143,41,22
48,24,19,33,73,235,126,44,21
48,23,20,34,77,235,104,45,21
48,21,18,31,76,255,126,46,23
48,17,19,32,76,238,126,45,23
48,17,20,31,79,242,129,39,22
48,17,19,31,77,302,133,35,22
48,18,18,30,80,318,131,35,23
48,17,21,29,77,286,112,33,20
48,18,20,30,78,310,116,32,19
48,18,19,29,75,297,125,32,18
48,16,21,30,75,254,136,30,20
48,17,23,31,71,259,144,29,21
48,17,21,32,64,252,134,28,21
48,17,20,32,72,231,127,31,21
48,17,21,37,71,242,134,34,22
49,19,19,37,78,284,125,37,22
49,20,21,35,81,272,116,40,21
49,21,22,35,83,292,154,42,21
49,20,22,33,81,283,171,40,21
49,20,22,28,87,296,163,39,19
49,23,22,26,86,243,161,35,18
49,22,19,26,80,237,168,38,18
49,21,18,28,84,208,142,36,17
49,21,17,27,88,207,158,37,18
49,20,17,26,83,184,164,38,19
49,16,17,27,77,189,163,38,18
49,17,18,27,79,225,162,34,19
49,17,18,24,71,227,153,34,18
49,17,19,27,65,235,143,33,18
49,18,20,30,61,228,139,35,16
49,17,20,30,58,239,145,39,17
49,16,22,30,63,206,140,38,18
49,15,22,30,66,199,139,38,19
49,17,21,28,57,176,131,38,18
49,15,20,26,72,202,151,33,19
49,16,20,25,71,185,154,31,21
49,17,18,28,69,163,153,31,19
49,17,20,30,71,171,158,31,18
49,17,20,30,70,203,140,33,18
49,17,20,32,68,204,132,34,19
49,19,22,31,73,207,129,34,20
49,19,21,28,70,218,132,32,20
49,18,22,28,74,209,134,32,20
49,17,24,26,75,209,132,31,20
49,18,25,32,65,224,133,28,20
49,20,24,33,64,226,144,25,17
49,21,25,35,65,267,144,25,16
49,21,24,33,55,289,136,24,18
49,23,23,34,65,281,144,21,19
49,22,22,28,66,280,127,23,20
49,18,20,29,67,290,136,28,21
49,20,19,26,70,270,136,35,23
49,19,19,26,77,250,135,36,20
49,18,17,24,68,236,134,39,23
49,19,16,22,63,200,126,39,20
49,21,18,22,63,183,109,37,20
49,17,18,26,58,169,144,33,18
49,17,19,25,49,183,151,33,19
49,16,19,25,51,192,170,33,15
49,16,21,28,54,199,170,35,16
49,14,19,27,54,212,164,33,17
49,14,20,26,56,215,136,33,16
49,14,18,28,77,211,128,30,17
49,15,20,31,75,204,100,25,17
49,15,19,30,75,196,98,24,19
50,16,19,32,72,213,158,26,20
50,17,18,32,69,193,165,26,21
50,17,19,37,52,184,165,27,22
50,17,17,35,56,187,165,32,22
50,17,17,32,64,180,166,34,21
50,14,19,31,64,147,122,35,20
50,15,18,29,66,151,128,34,22
50,15,19,20,62,147,130,34,19
50,15,19,20,65,154,134,33,20
50,14,19,20,61,187,133,31,19
50,18,16,19,61,176,119,32,20
50,19,21,23,81,191,103,33,18
50,19,22,30,79,190,94,36,20
50,19,21,31,79,195,86,34,20
50,19,24,33,83,193,86,35,21
50,17,23,32,82,192,80,33,20
50,19,22,31,69,199,71,37,21
50,17,19,26,76,219,85,34,20
50,17,22,26,74,206,75,34,19
50,19,18,26,66,180,85,31,20
50,19,19,28,68,192,82,32,22
50,17,18,28,61,172,79,27,20
50,17,21,32,61,188,69,27,20
50,16,21,31,64,218,72,26,19
50,15,23,32,63,217,76,28,18
50,15,24,30,66,225,78,26,18
50,17,23,29,64,225,75,25,18
50,17,23,27,63,193,72,25,18
50,18,23,27,56,153,73,27,18
50,19,23,23,56,152,61,29,17
50,18,23,25,55,117,123,30,14
50,16,25,30,62,163,132,31,15
50,16,22,32,65,162,164,30,15
50,21,24,33,67,162,166,35,14
50,19,22,34,66,163,184,33,15
50,20,23,37,66,187,163,32,15
50,21,25,33,68,136,171,33,15
50,21,27,33,59,148,157,35,16
50,17,24,33,59,166,187,27,15
50,17,24,33,61,167,175,28,16
50,15,24,28,61,144,162,30,16
50,15,22,30,49,147,150,29,16
50,14,20,24,51,133,136,26,18
50,14,20,21,50,132,87,27,20
50,14,23,22,48,125,71,26,19
50,12,20,22,41,116,66,24,18
50,14,22,19,41,106,57,21,17
50,16,22,20,34,93,41,24,15
50,15,23,23,27,55,27,26,16
50,18,20,22,25,51,24,25,15
51,20,20,23,28,61,22,28,17
51,19,19,24,34,65,21,29,18
51,19,18,23,38,67,19,27,16
51,20,16,25,40,76,19,24,14
51,18,15,23,39,74,20,23,16
51,17,16,26,40,66,19,17,16
51,16,15,24,36,62,19,15,16
51,15,16,24,36,57,17,15,16
51,16,15,20,34,37,17,21,16
51,16,16,26,44,37,19,25,17
51,14,16,22,42,35,23,28,15
51,14,17,22,44,34,43,29,15
51,12,15,22,43,36,43,31,16
51,12,17,24,42,35,44,28,16
51,11,16,17,34,34,43,27,16
51,14,17,19,33,36,43,26,17
51,15,17,21,32,38,23,27,18
51,17,18,21,28,38,23,27,19
51,19,19,19,28,36,22,30,21
51,19,20,21,30,34,21,28,20
51,16,21,22,28,28,19,27,19
51,16,21,23,32,26,19,28,18
51,16,20,24,38,29,18,25,18
51,11,20,26,43,28,17,23,16
51,11,19,26,42,32,18,23,17
51,13,18,25,41,35,17,22,16
51,13,16,22,39,33,18,20,16
51,13,16,22,33,34,20,20,15
51,15,15,20,28,35,20,19,14
51,16,15,19,25,34,20,22,15
51,15,18,20,26,32,21,23,15
51,17,17,19,24,30,21,23,17
