1041,842,491,843,540,1025,1185,914,1
1122,810,499,930,552,1106,1308,859,1
1130,860,518,1040,614,1153,1342,878,1
1206,903,521,1046,617,1203,1311,964,1
1205,840,525,1077,660,1178,1283,989,1
1240,810,516,1025,741,1232,1324,973,1
1132,900,504,984,769,1232,1242,1060,1
1157,834,484,890,734,1201,1211,1069,1
1223,764,441,876,730,1193,1158,988,1
1322,773,500,970,755,1170,1166,978,1
1244,762,515,1065,760,1242,1103,994,1
1304,655,455,969,691,1188,1123,861,1
1292,706,441,965,724,1212,1163,901,1
1171,722,512,990,701,1233,1138,871,1
1094,717,436,924,675,1259,1118,912,1
1098,770,408,824,607,1126,1122,876,1
1065,747,414,867,620,1166,1024,932,1
1053,683,464,941,599,1090,977,855,1
1002,722,381,866,571,1055,971,936,1
1000,797,458,909,616,1001,1010,950,1
941,721,448,875,630,1123,1051,929,1
787,699,460,843,644,1067,1096,899,1
980,721,422,795,608,1156,1193,914,1
1078,787,425,792,648,1248,1149,895,1
1076,741,354,807,557,1320,1057,777,1
1237,748,392,874,525,1308,1092,867,1
1362,748,387,889,504,1320,1149,965,1
1292,754,352,808,479,1326,1068,992,1
1294,732,374,881,436,1251,1173,963,1
1341,668,348,810,475,1186,1262,968,1
1258,669,303,740,462,1132,1253,883,1
1250,778,363,816,479,1058,1267,890,1
1268,726,428,899,549,945,1313,826,1
1337,687,436,959,556,926,1301,914,1
1389,737,463,972,531,994,1270,943,1
1392,775,490,1038,578,963,1255,985,1
1380,791,494,982,590,1031,1230,868,1
1351,813,472,962,544,1108,1232,956,1
1309,760,470,904,576,1090,1216,879,1
1171,788,552,959,612,1106,1296,975,1
1205,751,530,922,606,1151,1254,1061,1
1206,725,499,906,574,1103,1298,1067,1
1417,787,524,930,612,1073,1334,1017,1
1351,796,546,920,631,1110,1297,1033,1
1413,776,477,827,640,1106,1240,954,1
1372,853,486,831,652,1043,1274,867,1
1336,755,516,939,670,1085,1229,869,1
1131,700,477,943,649,1063,1136,916,1
1158,735,522,986,618,1066,1180,895,1
1165,786,563,1066,576,952,1182,866,1
1324,812,642,1140,643,1060,1238,1002,1
1347,828,648,1113,669,1045,1244,999,1
1307,791,648,1147,638,1018,1229,936,1
1387,894,568,1069,630,1040,1185,1008,1
1421,872,520,993,607,1062,1151,1085,1
1317,835,430,941,648,993,1096,1003,1
1241,862,390,918,612,1070,1049,1028,1
1280,880,401,898,673,1129,1098,1031,1
1233,766,422,981,706,1099,1094,1026,1
1212,720,501,1017,740,1165,1137,974,1
1187,662,541,1067,640,1172,1107,1037,1
1255,679,563,1103,685,1167,1238,1116,1
1308,722,604,1107,636,1115,1218,1121,1
1246,720,640,1126,708,1091,1271,1029,1
1201,698,588,1107,716,1050,1229,1019,1
1243,668,568,1210,744,1070,1217,966,1
1274,627,574,1161,699,997,1173,851,1
1223,583,559,1158,795,996,1191,914,1
1256,718,574,1111,720,1053,1153,969,1
1249,794,574,1106,689,1104,1224,1022,1
1207,838,613,973,649,1082,1319,978,1
1207,850,654,1023,654,1132,1229,1007,1
1187,835,657,994,597,1212,1276,1002,1
1221,736,626,1027,601,1185,1317,1083,1
1248,700,621,1090,626,1160,1286,1046,1
1276,697,565,1097,689,1182,1219,1078,1
1354,727,539,1112,695,1187,1294,1089,1
1398,770,505,1119,686,1199,1344,1071,1
1362,754,537,1140,648,1183,1284,1012,1
1330,722,516,1040,638,1147,1227,999,1
1350,781,537,1042,568,1151,1239,989,1
1287,730,471,956,607,1138,1136,945,1
1240,841,506,957,572,1076,1031,916,1
1314,853,485,948,629,1081,1035,840,1
1310,861,491,984,635,1156,1138,854,1
1274,808,512,934,634,1163,1097,902,1
1177,819,499,911,606,1105,1188,903,1
1265,658,469,934,706,1194,1197,948,1
1136,696,427,861,691,1277,1216,965,1
1207,799,405,799,702,1196,1144,1033,1
1174,815,350,743,679,1154,1269,942,1
1160,813,431,767,630,1224,1294,925,1
1078,912,405,651,487,1172,1228,882,1
1132,850,450,775,455,1075,1230,947,1
1121,881,503,861,500,1148,1308,830,1
1097,864,545,957,514,1170,1234,849,1
1177,861,505,960,534,1075,1136,869,1
1335,809,521,963,549,1013,1196,861,1
1325,843,560,913,583,1055,1168,791,1
1296,805,531,843,538,996,1131,813,1
1269,772,475,790,545,922,1131,770,1
1240,762,495,832,577,1034,1191,813,1
1133,747,554,901,585,1076,1248,866,1
1096,801,479,902,555,1143,1219,877,1
1048,662,475,944,506,1175,1170,884,1
1077,668,466,931,512,1273,1101,891,1
1128,747,425,954,533,1254,1207,842,1
1024,765,394,943,534,1253,1178,819,1
1136,853,411,850,505,1143,1170,821,1
1059,931,400,802,532,1130,1231,827,1
1069,932,416,775,533,1088,1335,856,1
992,908,435,727,470,1198,1236,880,1
1023,909,403,672,429,1281,1251,898,1
938,782,385,687,429,1325,1325,930,1
1019,683,379,716,490,1313,1352,916,1
1085,735,370,677,478,1338,1293,915,1
1126,699,383,667,493,1257,1370,953,1
1107,616,393,731,500,1127,1285,899,1
1199,594,406,763,507,1139,1225,866,1
1211,637,422,744,423,1177,1173,880,1
1202,744,425,779,436,1121,1227,905,1
1208,781,430,785,547,1106,1159,944,1
1242,813,386,786,553,1106,1192,923,1
1166,897,354,749,544,1069,1228,1004,1
1119,923,375,749,606,1142,1176,1019,1
1067,806,441,776,664,1170,1097,948,1
1038,794,437,757,600,1164,1069,844,1
1134,785,432,720,614,1250,1108,945,1
1119,697,428,703,651,1322,1051,852,1
1203,666,431,733,599,1231,1067,864,1
1174,647,366,777,551,1309,1097,923,1
1155,704,343,781,489,1323,1145,976,1
977,665,338,709,470,1260,1091,907,1
1069,709,420,817,422,1214,1162,957,1
1036,684,383,797,413,1217,1203,872,1
1070,659,387,752,353,1113,1288,859,1
1161,708,397,753,393,1127,1290,790,1
1277,763,409,796,454,1140,1342,748,1
1154,676,340,759,462,1151,1314,666,1
1141,745,355,787,475,1156,1329,719,1
1137,812,378,803,481,1179,1182,691,1
1051,797,362,790,454,1136,1209,815,1
1013,782,349,839,427,1207,1180,803,1
1094,798,346,808,403,1177,1203,827,1
1064,811,326,775,417,1153,1138,805,1
1091,752,275,747,420,1107,1167,885,1
1064,594,241,726,425,1127,1141,830,1
1014,567,269,697,385,977,1190,917,1
954,626,261,663,406,1031,1171,906,1
1062,586,316,683,376,1025,1197,1003,1
1035,633,327,662,393,1064,1217,964,1
1067,680,340,703,375,1074,1186,937,1
992,679,343,660,363,1131,1110,888,1
1091,598,414,742,381,1082,1209,886,1
993,590,363,686,409,1136,1176,840,1
964,620,354,719,402,1090,1208,874,1
925,637,353,716,419,1160,1220,822,1
925,653,318,700,440,1115,1230,797,1
830,655,278,691,439,1067,1176,841,1
891,660,281,720,413,1127,1249,799,1
828,632,269,707,406,1136,1169,708,1
861,611,302,704,436,1021,1206,829,1
906,572,309,714,420,1069,1180,856,1
845,586,281,698,427,1167,1175,802,1
807,568,296,742,414,1045,1149,818,1
943,530,296,747,435,1052,1212,847,1
957,525,285,770,415,1061,1153,786,1
926,606,383,808,454,1053,1285,832,1
944,672,375,814,484,1044,1212,867,1
913,647,368,772,507,1040,1211,848,1
837,652,389,763,486,1059,1174,880,1
942,670,384,849,556,1023,1123,938,1
958,590,301,781,557,1034,1043,917,1
1048,571,305,745,541,921,1059,876,1
1017,542,309,777,575,996,1141,916,1
1040,578,319,863,565,962,1121,871,1
931,545,314,727,466,972,1130,817,1
952,661,300,755,444,931,1090,802,1
946,612,300,785,435,965,1183,804,1
1064,648,316,767,444,944,1024,771,1
999,639,284,605,452,968,1075,797,1
986,671,264,584,485,946,1178,807,1
1014,615,365,681,496,1056,1158,829,1
948,617,393,723,505,1170,1178,992,1
942,601,403,770,453,1108,1252,1000,1
1109,630,463,816,534,1169,1228,1002,1
1086,565,493,817,527,1279,1160,963,1
1069,560,451,771,541,1201,1174,901,1
1049,554,442,777,589,1131,1162,818,1
970,526,423,731,578,1101,1209,802,1
763,443,359,756,511,1058,1201,724,1
864,457,317,818,510,921,1243,717,1
870,393,290,772,487,1002,1271,752,1
876,397,272,741,389,987,1282,707,1
862,377,265,749,431,1029,1258,731,1
946,401,267,763,471,1053,1352,741,1
910,509,279,722,502,1091,1294,811,1
1032,522,265,764,468,998,1264,809,1
1107,503,254,725,476,952,1181,743,1
1167,514,264,734,518,989,1141,674,1
1184,535,278,686,472,966,1093,777,1
1188,454,318,797,469,1028,1129,765,1
1178,595,382,800,590,1064,1122,806,1
1053,592,381,775,615,1069,1119,842,1
1029,649,447,898,613,1089,1118,893,1
971,673,434,893,620,1024,1118,912,1
931,692,418,772,598,959,1092,857,1
806,610,384,758,553,878,1077,845,1
810,679,404,805,512,867,983,825,1
835,642,313,599,431,877,1005,788,1
859,577,304,580,436,954,979,649,1
901,535,288,609,415,974,958,648,1
915,538,344,643,382,1036,1064,653,1
994,620,304,558,423,1035,1155,652,1
904,624,312,568,423,992,1174,598,1
918,632,325,598,414,991,1141,689,1
886,680,320,593,493,999,1196,689,1
919,642,232,537,466,943,1090,646,1
913,516,246,600,426,946,1102,623,1
1017,553,313,727,446,954,1005,701,1
1011,577,326,773,459,940,1017,683,1
1067,528,353,836,396,895,1027,748,1
1093,671,363,819,399,941,1105,742,1
1078,766,391,832,412,940,1036,893,1
1043,736,351,783,419,974,1068,859,1
1066,754,331,751,392,949,1096,855,1
1157,798,307,681,447,987,1087,899,1
140,190,232,538,1143,792,216,435,2
135,191,226,514,1098,783,203,437,2
133,210,233,519,993,910,221,381,2
103,178,186,412,900,876,203,353,2
98,184,188,379,861,907,197,346,2
91,175,166,342,815,903,197,303,2
95,178,168,393,853,932,189,312,2
104,166,183,366,903,791,182,303,2
110,167,186,399,997,785,221,323,2
113,169,202,465,1023,771,224,316,2
119,184,204,462,1038,833,230,339,2
118,182,217,475,1071,822,265,394,2
140,208,262,594,1119,867,286,403,2
139,205,256,598,1162,850,271,403,2
135,192,239,557,1136,848,268,430,2
137,180,246,597,1165,792,268,514,2
147,190,248,575,1153,793,255,483,2
117,155,190,451,1108,753,210,457,2
135,156,189,401,1060,805,210,492,2
150,156,203,430,1055,787,212,531,2
148,190,218,399,1099,820,210,478,2
136,184,204,410,1131,839,201,439,2
138,178,188,390,1129,932,231,458,2
115,177,175,409,1074,850,235,413,2
118,200,177,415,1082,888,257,328,2
112,163,147,430,1082,909,260,346,2
126,177,143,389,1018,864,251,420,2
118,176,149,437,1027,788,224,398,2
117,171,149,444,1033,822,213,377,2
133,174,172,462,1061,891,242,477,2
135,172,178,438,1008,836,243,430,2
124,154,198,472,1005,835,233,354,2
140,160,224,492,979,845,257,390,2
140,180,231,489,920,809,254,393,2
103,175,222,462,829,735,194,269,2
117,195,228,496,891,815,213,282,2
131,195,222,498,927,832,244,370,2
116,200,195,450,892,827,245,383,2
118,198,192,421,889,840,242,389,2
119,187,161,398,896,803,240,450,2
110,185,183,374,887,725,222,450,2
103,186,174,337,884,740,211,420,2
98,173,164,322,852,680,173,414,2
106,185,186,366,990,762,215,495,2
106,182,197,357,1021,798,219,454,2
110,179,187,388,961,825,228,450,2
118,189,205,460,1002,824,223,461,2
122,196,207,451,997,879,224,436,2
115,165,185,439,978,814,215,406,2
117,162,183,438,952,804,219,408,2
106,144,160,378,973,803,200,399,2
89,131,129,293,925,794,179,350,2
104,135,126,326,955,762,179,357,2
106,151,139,291,883,778,170,344,2
107,145,149,353,903,789,169,335,2
105,137,155,354,866,815,164,328,2
103,140,171,340,850,818,172,328,2
85,142,172,308,874,825,166,315,2
77,137,172,363,897,835,181,286,2
78,136,155,295,889,820,178,325,2
88,143,145,301,955,853,197,331,2
87,134,133,291,925,815,187,372,2
84,119,137,295,880,791,189,356,2
86,107,132,259,860,814,165,338,2
86,118,151,282,896,811,178,328,2
89,128,171,329,827,738,174,331,2
88,125,165,329,834,757,180,310,2
92,128,168,347,896,755,187,422,2
97,128,157,323,891,665,174,419,2
89,123,141,310,892,621,160,397,2
88,158,125,257,983,586,178,400,2
90,153,127,299,1034,582,178,382,2
99,147,120,347,1055,587,180,324,2
90,152,136,370,1062,597,180,307,2
92,147,138,385,1094,632,182,328,2
93,94,143,403,1013,689,169,377,2
99,114,141,408,1060,743,169,374,2
87,125,150,371,1000,771,160,325,2
103,142,182,462,1057,850,204,341,2
107,149,185,448,1052,815,208,341,2
100,164,183,447,1092,858,201,272,2
102,162,190,453,1025,789,205,266,2
106,163,186,459,1047,780,208,277,2
93,149,142,368,1005,779,162,316,2
96,143,161,370,936,874,188,303,2
112,155,192,398,965,817,224,328,2
108,156,187,394,1035,849,224,332,2
124,161,188,381,1001,806,243,443,2
127,162,194,382,970,738,254,423,2
127,157,179,380,998,649,231,419,2
117,140,143,335,945,634,188,397,2
123,148,157,304,845,640,193,403,2
122,143,159,344,912,694,192,340,2
123,137,151,328,947,742,182,371,2
120,139,138,343,959,806,182,371,2
118,126,137,390,997,829,194,382,2
102,102,106,395,1023,912,187,373,2
82,89,101,394,990,896,159,323,2
102,94,107,415,987,828,182,347,2
108,105,137,422,1019,749,180,376,2
111,112,156,445,1006,747,173,381,2
112,116,164,456,973,719,182,380,2
115,130,192,466,1047,795,200,375,2
103,144,211,467,1128,834,184,297,2
94,139,195,453,1064,866,184,313,2
88,147,186,448,1049,861,172,305,2
102,156,202,483,1105,871,172,314,2
99,159,177,448,1051,777,165,293,2
92,149,158,421,933,796,158,352,2
96,147,158,420,941,850,160,317,2
95,150,147,345,1001,836,182,308,2
94,152,131,282,983,753,191,315,2
93,142,140,260,946,803,181,314,2
91,139,136,278,958,785,189,282,2
84,147,133,261,961,718,198,275,2
96,146,173,359,952,719,208,285,2
86,137,163,350,909,791,183,283,2
97,142,163,367,965,805,199,292,2
96,143,159,368,932,829,190,266,2
117,137,174,369,932,844,187,287,2
110,126,140,328,876,885,186,316,2
127,140,155,391,924,837,197,312,2
122,140,150,422,875,907,189,329,2
192,160,160,426,936,929,211,320,2
202,153,148,435,935,930,204,273,2
228,156,157,428,972,940,193,305,2
237,164,145,367,938,912,188,342,2
242,169,144,356,918,853,186,329,2
198,152,151,390,964,856,168,334,2
184,153,149,389,974,845,172,353,2
149,147,141,370,958,819,173,309,2
120,125,141,368,992,829,169,262,2
112,129,148,340,1036,818,175,256,2
106,131,142,297,941,757,170,248,2
93,137,149,315,964,754,178,239,2
97,133,144,322,941,768,168,271,2
113,133,160,348,899,847,186,390,2
104,108,142,336,838,806,172,384,2
101,95,136,352,859,831,172,391,2
94,86,133,353,886,832,160,387,2
95,108,151,355,928,835,166,375,2
85,110,149,366,946,781,158,332,2
101,120,163,384,1018,810,183,359,2
93,126,163,411,1001,786,181,360,2
99,134,165,465,1004,828,181,357,2
108,122,157,461,972,816,181,369,2
99,108,140,440,953,788,184,394,2
85,110,131,434,917,748,155,377,2
85,101,122,398,963,775,151,380,2
86,94,122,342,935,729,148,395,2
74,92,111,359,969,734,150,373,2
78,98,114,343,938,751,145,266,2
80,103,118,371,907,739,151,296,2
87,113,126,363,965,709,171,320,2
83,119,118,350,943,714,180,319,2
83,134,131,370,909,738,171,315,2
96,141,137,398,979,735,160,337,2
114,138,142,378,1022,774,173,311,2
110,135,139,369,912,819,161,284,2
113,139,147,368,892,856,157,259,2
121,125,135,332,975,813,176,244,2
113,135,155,310,969,846,198,213,2
104,119,146,293,918,798,207,363,2
113,118,146,321,992,719,212,378,2
113,122,143,310,1045,648,215,410,2
99,130,140,307,952,656,199,409,2
94,108,116,329,938,552,178,410,2
108,118,116,316,992,561,161,363,2
167,123,115,299,964,586,173,420,2
183,142,135,298,950,617,160,416,2
189,142,156,329,972,589,189,460,2
190,148,162,322,955,684,189,462,2
180,158,172,329,902,777,187,434,2
121,158,168,309,869,764,161,363,2
104,131,155,295,836,731,171,343,2
93,125,140,242,784,756,133,315,2
104,147,172,319,949,716,148,313,2
100,142,163,312,962,616,133,261,2
103,154,174,331,983,694,159,299,2
111,174,215,366,1069,773,213,305,2
116,179,228,387,1130,814,230,304,2
109,162,209,358,1073,860,229,306,2
109,160,210,372,1065,924,234,307,2
137,149,207,359,1078,964,238,364,2
131,136,171,327,1045,977,194,364,2
129,132,186,356,1011,922,192,366,2
134,138,191,324,939,920,199,364,2
130,132,183,306,898,879,198,366,2
105,123,180,314,876,811,194,317,2
97,137,170,312,775,760,194,330,2
92,130,131,251,784,814,186,306,2
83,117,110,223,811,734,168,304,2
95,114,120,234,897,751,186,353,2
83,124,122,268,944,722,168,322,2
77,94,119,289,1020,881,167,305,2
79,98,119,323,1005,806,153,301,2
82,97,145,410,1049,831,162,297,2
70,100,141,409,1010,808,139,226,2
97,91,144,390,1003,846,147,292,2
94,99,156,409,1076,696,136,321,2
93,110,155,384,1032,709,131,318,2
100,126,174,421,998,785,140,324,2
104,131,183,420,1009,840,170,333,2
93,133,200,469,1032,869,194,267,2
99,135,198,452,903,824,212,340,2
107,130,210,479,958,900,224,349,2
121,133,207,426,996,825,235,360,2
129,137,233,479,983,822,228,389,2
120,132,217,432,986,892,207,390,2
119,123,212,421,970,937,194,292,2
138,141,232,464,1000,910,189,311,2
127,142,215,431,953,947,172,343,2
115,131,177,368,902,913,148,307,2
125,135,182,375,788,783,139,315,2
133,136,190,414,917,736,155,374,2
106,108,149,315,917,739,148,370,2
91,93,134,285,865,720,141,347,2
89,94,127,291,898,700,148,358,2
88,108,129,300,960,726,161,367,2
93,111,148,331,957,752,186,303,2
100,122,155,363,949,744,195,282,2
106,122,164,376,941,742,191,254,2
119,141,179,407,1030,739,198,329,2
109,127,168,389,1068,781,191,302,2
90,122,144,341,1000,761,140,322,2
85,120,146,340,1002,757,130,336,2
84,115,148,338,1011,785,163,337,2
78,95,139,357,998,890,163,284,2
89,99,144,370,954,878,177,328,2
95,105,152,400,967,860,177,311,2
95,112,138,379,999,839,181,317,2
91,107,118,359,1008,788,155,318,2
81,104,109,302,923,719,140,297,2
73,101,106,293,866,643,120,240,2
82,114,120,292,879,691,151,305,2
86,102,129,319,866,669,143,293,2
94,99,137,354,909,689,149,297,2
96,100,144,367,934,673,168,298,2
94,106,151,381,997,767,174,303,2
86,86,124,324,966,777,161,265,2
83,101,126,310,907,836,181,251,2
78,99,117,273,894,870,198,259,2
74,99,111,251,882,890,195,258,2
81,93,111,313,941,844,201,270,2
84,104,138,348,934,846,198,240,2
89,91,145,392,1006,847,196,303,2
87,94,150,409,1024,889,178,283,2
93,103,152,418,1049,846,183,283,2
95,123,150,379,995,840,185,304,2
94,147,162,436,1033,808,209,317,2
89,156,156,397,922,821,204,257,2
91,158,152,400,867,722,204,277,2
96,174,168,424,895,705,200,269,2
95,168,185,419,870,816,203,240,2
90,144,167,337,878,853,183,226,2
87,135,162,342,983,809,176,292,2
97,138,170,362,1051,855,216,286,2
90,124,155,340,997,845,211,280,2
97,132,154,355,1030,748,201,297,2
96,130,150,400,960,792,206,298,2
102,137,155,410,926,797,219,220,2
94,140,155,381,848,839,187,237,2
111,143,196,478,1059,896,238,265,2
96,134,173,444,994,893,228,238,2
95,133,163,402,1017,797,217,226,2
86,125,159,393,979,774,201,224,2
98,124,171,394,1023,684,218,218,2
72,110,121,252,759,587,150,191,2
77,109,132,282,844,609,180,201,2
87,122,139,286,854,620,196,213,2
89,123,140,291,926,625,201,220,2
73,113,119,286,865,654,194,204,2
76,110,123,346,938,704,196,199,2
99,111,122,343,902,704,177,182,2
98,107,121,348,886,752,158,167,2
107,112,125,355,902,856,160,191,2
108,111,123,349,874,864,137,198,2
105,114,111,288,887,859,136,185,2
86,126,124,341,890,847,148,189,2
81,117,114,337,883,835,149,190,2
81,116,102,298,726,783,140,183,2
86,114,105,314,863,753,143,168,2
86,117,110,316,860,741,147,164,2
89,109,121,330,957,754,173,169,2
86,106,128,326,944,721,172,163,2
89,109,141,343,966,664,171,228,2
85,116,140,332,864,662,159,233,2
90,116,157,363,883,781,187,243,2
81,99,135,288,775,732,156,232,2
85,116,130,275,739,708,153,231,2
73,114,121,286,777,723,152,162,2
76,109,125,313,842,759,163,179,2
76,98,98,262,762,662,127,172,2
89,121,112,266,757,677,131,182,2
90,143,125,265,772,740,133,187,2
90,140,122,240,762,723,132,207,2
91,143,125,235,758,682,142,235,2
91,145,129,252,777,674,151,239,2
89,142,138,275,780,652,150,245,2
84,107,132,309,834,715,151,248,2
96,119,135,312,861,722,155,249,2
98,125,136,302,846,720,145,237,2
101,129,139,325,838,723,148,234,2
95,119,138,351,884,787,140,226,2
103,130,138,333,858,698,136,222,2
97,117,137,333,817,705,132,268,2
92,105,128,319,797,694,125,239,2
87,110,120,284,817,687,110,246,2
90,112,102,224,754,662,119,254,2
79,92,92,209,769,635,117,270,2
72,96,88,199,727,716,119,199,2
81,99,85,197,794,723,111,196,2
77,83,91,212,760,773,111,186,2
42,24,16,18,22,52,26,19,0
45,25,17,18,20,51,27,20,0
46,27,17,19,22,56,26,21,0
47,26,17,19,17,47,21,19,0
45,27,16,20,18,45,20,18,0
40,25,16,17,18,44,23,16,0
36,25,15,17,18,45,24,15,0
36,28,15,18,16,38,24,11,0
34,31,13,17,16,36,24,10,0
40,30,13,17,19,40,24,10,0
46,29,10,15,17,37,18,11,0
47,30,13,17,19,35,23,13,0
47,25,14,17,18,44,23,14,0
48,22,14,16,19,42,23,15,0
44,22,15,17,16,40,25,16,0
31,23,17,18,21,53,25,18,0
39,23,15,18,20,54,19,17,0
45,25,15,17,23,53,24,19,0
47,26,17,17,22,53,25,19,0
46,25,17,16,23,52,24,19,0
47,26,16,14,19,42,25,16,0
44,24,18,12,18,41,23,16,0
45,22,17,11,14,33,20,15,0
40,22,16,13,15,37,18,14,0
41,22,17,13,17,39,22,15,0
41,24,17,14,16,34,24,14,0
41,27,16,15,18,37,24,14,0
50,24,16,16,19,34,24,13,0
53,24,16,16,19,35,23,14,0
54,30,15,15,16,32,19,15,0
54,28,17,16,19,40,26,17,0
67,25,18,16,17,44,28,18,0
60,27,17,14,17,45,27,19,0
59,30,18,15,18,42,28,18,0
57,26,18,16,19,47,28,16,0
60,27,16,15,18,39,20,15,0
43,27,15,13,17,33,16,17,0
45,27,15,15,18,31,16,19,0
45,30,14,14,15,35,16,19,0
46,32,14,13,15,32,19,20,0
44,29,14,14,14,35,19,20,0
42,31,14,15,15,36,20,16,0
39,30,15,14,14,37,21,16,0
42,26,14,13,15,32,21,17,0
41,23,14,13,15,30,17,15,0
39,23,14,14,16,28,18,15,0
40,22,13,15,17,24,15,15,0
38,21,12,15,19,31,20,13,0
30,19,13,16,19,31,20,13,0
55,28,12,16,20,43,22,15,0
56,30,13,13,19,43,22,14,0
58,29,12,14,18,43,22,14,0
56,31,11,13,17,39,17,15,0
59,32,15,14,19,41,16,15,0
41,32,16,16,17,31,14,15,0
47,32,17,17,17,32,16,16,0
42,31,17,17,17,33,16,17,0
43,29,19,19,19,31,15,17,0
41,30,17,18,19,35,17,17,0
37,22,17,18,19,38,23,16,0
34,24,16,18,20,39,23,15,0
39,25,16,18,21,40,23,11,0
39,27,15,16,18,41,23,11,0
40,24,14,17,16,37,23,11,0
41,24,13,14,15,31,16,12,0
38,23,14,13,14,25,16,14,0
31,24,15,14,16,39,24,16,0
30,25,14,14,17,39,25,15,0
27,27,14,14,18,38,25,15,0
26,26,15,14,19,38,26,15,0
30,25,14,15,18,38,26,15,0
40,23,14,13,17,25,19,15,0
40,20,17,13,19,50,20,16,0
40,20,17,13,19,51,24,15,0
39,20,17,13,20,54,25,15,0
33,19,17,14,21,55,26,15,0
18,19,16,16,19,56,26,14,0
16,18,15,16,16,40,25,15,0
17,15,16,15,17,41,20,15,0
16,13,16,15,18,40,24,14,0
14,14,16,14,17,42,23,15,0
13,14,18,14,17,40,23,14,0
14,14,19,13,17,41,25,13,0
12,15,17,14,16,38,26,13,0
19,17,17,15,15,38,21,14,0
28,20,19,18,15,35,22,14,0
30,19,17,16,15,38,27,14,0
29,21,16,17,15,31,26,14,0
31,21,18,19,17,35,27,14,0
27,20,17,20,17,34,26,14,0
19,17,14,17,16,36,26,14,0
23,20,14,18,18,33,20,15,0
25,22,12,18,18,33,18,15,0
25,24,14,17,22,42,21,15,0
27,24,15,16,22,45,24,15,0
26,25,16,16,22,45,23,15,0
21,21,17,16,21,45,24,14,0
20,17,19,17,21,45,24,14,0
19,16,16,14,15,32,21,13,0
16,17,17,14,16,35,18,14,0
15,16,15,15,16,34,18,13,0
16,18,15,16,15,35,23,16,0
23,19,15,16,18,38,24,16,0
25,19,16,16,18,39,25,17,0
25,18,16,17,17,32,26,15,0
26,18,17,15,17,32,25,16,0
25,18,17,14,18,35,21,13,0
18,19,15,14,16,31,20,14,0
17,20,15,14,16,35,18,12,0
16,19,14,15,19,39,15,12,0
15,19,12,16,20,40,14,12,0
16,19,12,15,18,38,13,12,0
15,15,13,14,18,39,14,11,0
26,12,13,15,20,39,19,12,0
29,15,13,15,18,42,21,14,0
30,17,15,15,19,43,21,13,0
30,16,15,15,20,45,21,14,0
30,17,17,16,19,46,20,16,0
21,17,16,17,17,43,17,15,0
21,15,18,16,19,41,24,14,0
28,14,16,15,19,44,25,15,0
28,17,16,14,19,40,26,14,0
27,17,13,12,20,45,29,18,0
29,18,14,13,20,45,31,22,0
27,18,13,12,19,45,29,23,0
19,18,15,13,19,45,29,24,0
18,15,15,13,18,45,29,25,0
26,18,14,14,18,43,27,22,0
25,17,15,13,18,43,26,19,0
26,18,15,14,16,42,22,18,0
26,19,14,13,17,40,26,17,0
29,21,15,14,18,43,28,18,0
26,22,16,14,17,41,26,18,0
29,24,15,15,17,41,25,18,0
31,24,17,14,17,37,25,18,0
31,23,15,14,15,34,20,16,0
29,22,16,16,20,49,22,15,0
27,21,15,17,20,51,24,14,0
32,20,16,15,21,50,24,16,0
32,21,14,15,21,50,24,15,0
32,21,16,17,23,54,24,18,0
32,21,16,14,17,39,25,17,0
31,19,16,13,17,36,22,16,0
23,21,16,14,16,40,22,16,0
30,19,16,17,16,40,24,18,0
32,23,16,14,14,35,24,15,0
32,22,16,17,16,40,17,14,0
31,21,15,18,17,41,24,15,0
30,20,13,19,19,37,25,15,0
20,22,14,17,18,38,24,13,0
16,22,14,19,18,39,23,13,0
21,24,15,16,18,38,23,14,0
22,26,15,16,19,42,20,15,0
22,25,16,14,18,42,18,14,0
21,23,14,15,19,45,23,14,0
28,20,14,13,18,43,24,14,0
29,23,12,14,17,38,25,14,0
30,22,13,15,13,32,22,14,0
30,22,15,15,15,37,22,15,0
31,22,15,16,15,36,18,14,0
26,23,15,16,18,39,22,16,0
21,22,15,16,18,39,21,17,0
21,25,14,17,18,40,20,16,0
28,26,13,17,19,35,20,16,0
28,25,12,15,17,33,20,17,0
28,24,12,16,15,35,13,15,0
27,21,15,17,15,37,14,16,0
26,16,15,16,17,45,24,15,0
18,16,15,17,15,45,25,15,0
19,16,15,18,16,44,25,15,0
17,15,14,17,17,46,26,15,0
22,15,13,16,16,44,26,16,0
23,19,13,17,14,40,18,16,0
24,22,12,16,16,45,23,15,0
23,24,13,15,16,44,22,15,0
24,24,14,14,16,41,22,15,0
21,23,14,14,16,42,22,13,0
36,23,14,13,19,46,21,13,0
36,18,15,15,17,41,16,13,0
37,17,14,17,17,47,24,13,0
37,16,13,17,17,45,24,13,0
37,17,16,18,18,44,24,13,0
26,14,17,18,15,39,26,12,0
31,20,18,17,16,37,25,12,0
31,21,18,17,16,32,26,14,0
32,22,19,17,17,33,25,13,0
31,21,15,16,17,33,24,14,0
26,26,14,19,17,36,24,13,0
19,23,13,19,18,41,25,16,0
28,22,12,17,16,43,18,16,0
30,22,12,17,17,43,19,16,0
30,22,14,16,18,48,27,16,0
30,17,13,15,18,42,29,17,0
30,19,15,13,17,37,28,16,0
20,22,15,14,18,35,27,16,0
15,20,15,16,18,35,27,16,0
21,23,14,16,17,29,19,16,0
24,22,15,15,17,31,16,17,0
26,21,13,16,18,36,20,16,0
26,21,13,16,18,35,20,16,0
27,22,12,15,18,36,20,16,0
23,20,15,14,16,38,20,16,0
19,21,17,13,15,34,20,16,0
23,21,17,14,17,33,15,15,0
24,18,17,15,15,32,16,17,0
25,20,19,16,17,34,22,17,0
24,21,16,17,17,32,23,17,0
25,22,15,19,19,46,25,17,0
20,21,14,18,18,49,25,16,0
25,22,14,17,19,50,25,13,0
25,19,12,17,17,48,19,14,0
27,18,12,17,18,46,18,12,0
26,16,12,17,17,38,16,11,0
26,18,12,16,16,32,17,13,0
21,19,12,16,15,31,15,15,0
32,22,15,15,18,46,19,16,0
32,22,17,15,20,48,19,18,0
33,23,16,14,19,45,18,18,0
34,22,15,15,19,48,18,17,0
35,22,17,15,19,47,19,16,0
24,20,15,14,16,35,16,15,0
30,19,13,12,13,32,18,12,0
28,17,14,14,16,39,25,12,0
29,18,15,13,17,36,26,13,0
28,20,15,13,16,36,25,13,0
30,23,16,14,18,38,25,13,0
24,25,16,14,17,38,24,14,0
30,25,15,15,14,28,20,15,0
30,26,16,14,13,27,19,15,0
30,23,15,15,17,47,26,16,0
30,22,15,16,15,46,26,16,0
29,21,16,17,17,47,26,16,0
22,20,16,16,18,48,24,16,0
21,21,17,17,18,48,24,18,0
28,25,16,17,15,30,16,16,0
29,28,16,17,16,30,18,16,0
29,27,16,18,13,29,19,17,0
29,27,15,19,12,31,19,16,0
27,25,16,18,14,30,18,13,0
19,22,18,20,19,37,25,14,0
25,18,16,21,20,37,26,15,0
31,19,17,19,20,37,27,15,0
31,20,17,18,20,37,28,14,0
31,20,16,19,20,39,27,14,0
33,21,14,17,17,35,22,15,0
26,21,12,16,15,36,23,14,0
23,22,13,15,17,37,25,15,0
26,23,14,17,18,40,26,16,0
27,23,15,16,18,38,27,16,0
25,24,16,18,17,35,26,14,0
24,22,16,19,18,35,23,14,0
20,22,15,19,17,30,18,12,0
15,19,14,19,19,33,23,14,0
16,21,12,19,19,33,23,14,0
22,20,12,17,21,36,23,14,0
26,19,13,16,19,37,24,17,0
27,20,14,15,18,37,23,17,0
27,19,14,14,15,30,17,15,0
25,19,14,14,16,36,18,15,0
20,18,13,16,15,38,26,15,0
15,19,12,15,16,39,26,13,0
14,18,14,16,17,40,26,14,0
22,18,16,15,17,40,26,16,0
23,19,16,15,16,37,27,15,0
23,19,18,15,16,35,20,16,0
23,19,18,18,17,34,19,17,0
23,21,17,18,21,41,22,15,0
15,21,17,17,21,43,21,14,0
18,19,16,17,20,46,20,15,0
19,22,16,16,21,44,19,16,0
19,20,16,13,19,41,20,15,0
21,17,14,15,16,38,17,15,0
26,17,14,17,18,48,22,16,0
25,17,14,17,18,47,22,14,0
25,14,13,18,16,47,23,15,0
25,14,13,18,17,48,24,15,0
25,16,13,18,17,45,23,15,0
21,17,13,18,15,30,16,13,0
20,17,13,18,17,30,20,13,0
18,17,14,17,17,32,21,11,0
18,18,15,19,18,36,23,14,0
25,17,17,18,19,40,23,15,0
25,17,18,16,21,42,24,17,0
26,19,19,18,19,41,21,17,0
30,19,19,19,20,44,26,17,0
29,19,18,15,19,40,25,15,0
22,20,17,17,17,38,25,13,0
24,19,16,17,17,40,25,12,0
21,21,16,15,16,40,26,15,0
25,22,16,16,15,34,20,14,0
30,23,16,17,17,37,28,15,0
30,22,15,15,17,34,28,16,0
28,22,15,14,18,33,27,15,0
28,21,14,15,18,40,27,12,0
21,20,13,15,18,41,28,13,0
25,20,12,15,15,37,19,13,0
30,22,12,17,16,43,22,13,0
31,23,12,18,15,44,22,11,0
32,22,14,16,17,46,19,11,0
32,22,15,18,18,47,19,13,0
31,22,15,16,19,48,21,14,0
29,26,17,16,21,48,25,15,0
29,27,18,15,21,60,26,17,0
29,26,16,16,19,51,27,19,0
28,26,16,12,18,53,26,18,0
19,24,15,14,18,53,27,17,0
16,20,15,12,18,52,27,17,0
15,17,15,13,18,39,27,16,0
15,16,15,12,18,42,28,15,0
17,17,16,13,19,43,30,14,0
18,18,16,14,18,46,33,18,0
25,20,14,17,19,46,32,18,0
25,19,16,18,21,48,32,18,0
24,18,18,17,23,48,31,18,0
24,22,16,19,24,46,30,18,0
25,22,17,19,24,45,30,15,0
20,20,17,17,23,43,25,16,0
19,19,16,17,22,42,24,16,0
20,20,15,17,21,38,23,15,0
19,16,16,17,19,36,22,16,0
19,16,14,16,17,32,15,16,0
25,14,14,17,15,33,19,15,0
26,16,15,17,15,36,20,14,0
26,15,14,18,13,37,23,14,0
28,18,14,17,16,38,23,14,0
28,18,15,17,16,38,22,15,0
20,18,15,16,19,43,23,15,0
21,20,14,16,18,37,22,16,0
28,20,13,14,18,39,20,15,0
27,16,12,13,19,40,19,15,0
27,18,11,14,19,40,20,14,0
1239,550,371,907,553,1042,1046,944,1
1249,577,332,854,527,1087,984,994,1
1361,520,370,878,551,1088,1008,956,1
1352,539,338,890,554,1107,975,935,1
1393,496,329,816,560,987,917,1079,1
1352,501,354,819,574,1044,959,1057,1
1383,438,373,857,604,1002,969,1052,1
1276,458,340,843,563,1010,1037,1103,1
1230,509,325,772,533,1008,1148,1109,1
1275,521,358,831,528,1104,1199,1087,1
1263,562,394,910,486,1068,1254,1028,1
1252,549,374,869,453,1116,1264,997,1
1279,570,385,870,475,1128,1291,951,1
1305,528,387,916,491,1116,1207,995,1
1219,560,385,896,542,1100,1188,932,1
1254,513,344,880,573,1103,1157,1022,1
1261,573,339,879,582,1055,1136,1003,1
1252,554,321,865,618,1200,1017,1039,1
1228,602,336,885,613,1188,1092,1053,1
1195,578,308,830,565,1132,1059,1080,1
1145,630,334,794,592,1159,1167,1054,1
1139,610,356,848,612,1178,1124,1139,1
1119,595,352,827,571,1029,1211,1104,1
1108,606,353,768,540,997,1119,1078,1
1140,637,368,863,585,1033,1197,1046,1
1148,583,339,864,571,1023,1088,1011,1
1072,553,328,892,526,1027,1062,994,1
1042,573,350,947,485,1009,1037,943,1
1065,521,335,982,514,1089,1164,960,1
1070,572,346,1018,500,1094,1178,1001,1
1098,565,331,994,509,1160,1192,992,1
1181,594,326,937,490,1178,1260,965,1
1152,556,293,867,500,1245,1297,1094,1
1224,574,339,921,505,1175,1178,1155,1
1270,509,361,857,457,1152,1098,1188,1
1252,587,379,881,431,1034,1117,1159,1
1269,612,422,968,499,967,1162,1185,1
1285,622,442,985,524,805,1130,1156,1
1280,592,405,910,504,906,1213,1048,1
1209,611,363,913,515,941,1298,1003,1
1205,539,339,888,484,911,1298,1066,1
1254,522,267,764,443,1014,1241,978,1
1268,598,240,759,407,1080,1242,864,1
1195,601,265,812,490,1038,1204,912,1
1245,569,257,781,481,952,1136,900,1
1331,609,283,771,506,1068,1100,885,1
1199,624,304,866,562,1059,1077,878,1
1195,638,339,961,574,1143,1044,918,1
1206,664,309,865,503,1137,1037,931,1
1190,655,351,909,507,1161,1062,899,1
1152,612,370,939,504,1144,1090,892,1
1191,572,356,860,413,1102,1122,1139,1
1253,463,338,759,406,1032,1160,1160,1
1239,544,356,823,432,1015,1182,1207,1
1238,545,353,888,431,1042,1112,1214,1
1159,692,327,816,392,985,1053,1244,1
1149,760,366,860,413,1000,1075,1106,1
1160,785,377,861,398,1002,1064,1108,1
1299,820,448,901,420,1077,1088,1069,1
1333,851,458,796,458,1120,1185,1173,1
1407,790,463,855,470,1121,1327,1184,1
1391,730,434,812,508,1117,1324,1163,1
1395,747,455,885,622,1092,1351,1217,1
1340,629,418,890,595,1124,1427,1218,1
1331,699,411,869,588,1140,1364,1164,1
1256,726,419,886,634,1131,1239,1152,1
1278,731,424,914,604,1141,1242,1168,1
1258,718,385,806,504,1143,1166,1052,1
1172,709,347,784,556,1100,1040,996,1
1141,605,321,788,517,1076,1121,1032,1
1166,491,322,811,449,1027,1140,965,1
1239,587,376,820,464,950,1137,1082,1
1246,591,383,857,449,959,1209,1122,1
1300,587,375,814,357,932,1249,1164,1
1292,706,389,858,396,889,1200,1132,1
1312,725,394,844,402,966,1197,1132,1
1280,626,334,836,385,1008,1145,936,1
1236,668,320,858,381,1081,1061,989,1
1221,665,306,835,390,1084,988,965,1
1188,552,267,822,383,1092,1032,941,1
1162,543,226,793,406,1083,1036,1045,1
1146,585,229,729,396,1108,1138,1064,1
1186,491,231,728,395,1008,1182,1031,1
1198,553,275,741,404,991,1257,1020,1
1206,534,270,765,368,932,1288,1017,1
1206,514,328,754,359,918,1265,938,1
1206,489,330,851,405,966,1279,1057,1
1335,556,359,900,484,1093,1304,1077,1
1333,514,393,1001,511,1137,1234,1075,1
1358,557,453,1065,557,1212,1206,1087,1
1395,720,454,1043,582,1202,1215,1134,1
1377,760,468,996,557,1148,1066,1056,1
1221,704,467,999,513,1059,1075,989,1
1221,698,451,944,540,1015,1047,971,1
1253,678,400,797,500,967,1075,941,1
1263,576,360,847,461,961,1057,872,1
1282,528,359,938,483,1016,1190,894,1
1325,536,353,940,494,1055,1162,919,1
1301,571,403,925,436,1026,1185,998,1
1342,742,427,942,452,1086,1166,1102,1
1368,801,429,929,561,1090,1197,1182,1
1436,854,463,934,589,1117,1098,1148,1
1357,869,471,895,610,1068,1076,1191,1
1385,919,408,868,616,1074,1195,1239,1
1286,802,468,945,644,1046,1194,1199,1
1173,735,513,1064,604,1060,1156,1114,1
1053,723,515,1076,579,976,1223,1176,1
1125,772,508,1080,683,994,1249,1217,1
1128,742,525,1108,762,1040,1127,1192,1
1181,793,494,1152,780,998,1081,1127,1
1220,825,490,1084,777,987,1174,1220,1
1244,872,493,1020,801,1025,1201,1210,1
1194,823,560,1052,742,1142,1227,1175,1
1147,821,601,1146,790,1188,1239,1145,1
1157,833,611,1111,745,1187,1224,1166,1
1248,874,635,1175,710,1237,1202,1096,1
1288,796,680,1242,731,1189,1204,1116,1
1334,828,646,1209,728,1058,1197,1145,1
1409,907,635,1191,688,1005,1162,1123,1
1480,875,662,1200,708,1088,1130,1127,1
1350,817,664,1149,790,1058,1145,1096,1
1318,833,596,1093,740,1123,1124,1105,1
1377,916,603,1150,688,1192,1112,1035,1
1343,964,631,1145,647,1175,1244,1082,1
1247,982,588,1172,679,1110,1298,1093,1
1355,973,574,1148,700,1108,1257,1105,1
1341,974,583,1127,707,1102,1258,1076,1
1305,995,564,1103,723,1038,1228,1094,1
1249,850,534,1118,720,1103,1184,1058,1
1221,834,529,1098,682,1108,1202,1056,1
1231,917,630,1174,637,1128,1191,1053,1
1282,944,636,1245,653,1150,1177,1033,1
1242,898,662,1242,713,1148,1147,937,1
1216,961,687,1191,727,1088,1033,973,1
1246,929,683,1157,779,1052,1026,950,1
1218,849,574,1104,730,1062,1178,1016,1
1285,798,584,1068,755,1036,1146,1067,1
1284,709,564,1025,764,1077,1237,1121,1
1370,652,507,952,722,1163,1342,1043,1
1434,689,478,920,734,1255,1314,1227,1
1392,674,514,940,826,1279,1177,1183,1
1281,713,537,915,824,1230,1158,1103,1
1300,721,508,897,785,1287,1125,1078,1
1283,735,500,914,883,1206,1143,1144,1
1174,724,566,951,828,1210,1197,982,1
1240,729,516,882,756,1219,1270,985,1
1309,740,462,821,737,1232,1325,1031,1
1293,752,483,896,749,1187,1339,1086,1
1247,693,512,972,709,1297,1249,1008,1
1261,659,453,943,728,1261,1214,980,1
1326,672,463,914,713,1254,1219,1023,1
1370,625,463,947,728,1297,1229,1084,1
1416,599,513,996,695,1279,1188,1088,1
1448,716,512,1085,667,1216,1235,1130,1
1458,795,538,1111,648,1348,1254,1165,1
1367,845,569,1151,680,1289,1143,1141,1
1313,844,673,1232,642,1274,1154,1103,1
1271,877,629,1182,612,1302,1115,1099,1
1244,865,593,1015,651,1306,1081,1098,1
1213,894,599,991,642,1230,1069,1041,1
1235,892,553,1006,597,1321,1119,994,1
1155,912,433,943,616,1340,1046,1000,1
1246,920,423,867,603,1328,1229,925,1
1241,871,428,909,477,1354,1301,914,1
1245,735,484,1018,514,1316,1278,972,1
1231,655,496,994,582,1239,1376,1130,1
1219,679,525,1049,631,1297,1352,1080,1
1215,665,530,1087,638,1285,1266,1109,1
1301,615,521,1115,628,1229,1222,1122,1
1300,618,438,1003,630,1201,1211,1032,1
1269,666,452,990,580,1278,1117,925,1
1300,672,423,884,481,1193,1290,905,1
1201,671,468,933,625,1201,1264,910,1
1178,662,500,963,696,1153,1343,828,1
1183,770,537,992,716,1272,1386,961,1
1223,813,541,1026,706,1276,1369,995,1
1253,785,528,1069,701,1302,1328,1023,1
1273,764,474,1036,616,1290,1321,967,1
1253,839,480,1000,568,1315,1209,1038,1
1213,753,468,988,525,1137,1223,963,1
1202,687,445,996,520,1245,1249,924,1
1224,628,516,984,596,1254,1164,967,1
1194,634,516,960,550,1242,1101,944,1
1169,652,536,1012,510,1246,1083,876,1
1189,686,484,965,484,1309,1035,917,1
1103,645,454,846,506,1187,954,911,1
972,769,346,776,457,1207,1037,868,1
979,728,386,800,485,1274,1073,899,1
926,641,328,646,471,1253,1074,909,1
1039,598,422,765,527,1292,1065,933,1
1056,643,439,867,514,1259,1112,900,1
1058,553,503,961,491,1145,1048,843,1
1062,565,500,1015,571,1017,1053,859,1
1092,579,496,1059,581,1015,1099,900,1
969,618,425,968,556,921,1149,843,1
1009,562,435,983,524,812,1186,854,1
1099,520,377,956,497,775,1170,828,1
1086,527,341,837,394,883,1186,876,1
1088,565,349,894,414,878,1220,890,1
1129,653,363,933,397,870,1191,999,1
1113,689,369,937,422,1018,1171,999,1
1107,718,384,1047,478,1039,1140,1098,1
1074,764,407,1099,568,1027,1164,1209,1
1082,785,430,1117,624,1096,1097,1163,1
1104,764,428,1097,643,1143,1163,1014,1
1209,842,454,1113,740,1105,1277,1027,1
1136,834,423,955,746,1212,1318,939,1
1120,837,398,976,668,1189,1307,741,1
1108,779,384,885,654,1127,1319,749,1
1062,677,386,938,712,1084,1285,765,1
1050,593,397,912,643,1001,1165,742,1
1116,636,410,915,635,909,1213,823,1
1169,611,446,901,666,985,1189,936,1
1172,630,426,923,630,1078,1207,980,1
1200,702,436,888,595,1078,1186,1059,1
1147,675,396,860,553,1127,1209,1068,1
1152,637,394,888,527,1182,1100,1070,1
1158,636,365,868,506,1074,1195,1033,1
1179,675,420,958,568,1048,1196,965,1
1188,676,437,975,585,1100,1189,908,1
1166,688,415,965,588,1097,1134,966,1
1124,753,414,940,592,1049,1277,986,1
1088,747,462,1022,597,1062,1192,883,1
1037,706,407,956,554,1040,1222,966,1
995,713,383,988,495,1046,1366,969,1
1031,704,412,1057,541,1057,1391,906,1
1074,613,408,1066,517,1068,1296,837,1
1094,736,351,989,571,1129,1281,1014,1
1138,808,382,974,553,1133,1268,1036,1
1108,760,365,944,518,1058,1174,1002,1
1112,807,350,879,497,1025,1178,977,1
1127,841,349,900,544,1013,1154,1000,1
1080,697,348,909,519,992,1188,909,1
1158,672,292,903,611,1041,1254,981,1
1160,684,334,875,618,1027,1178,1014,1
1125,625,330,820,633,1068,1171,997,1
1031,569,331,808,600,1026,1209,953,1
1076,619,351,869,566,1011,1218,985,1
972,606,365,823,517,935,1121,828,1
972,641,396,884,618,960,1168,778,1
953,650,384,935,654,999,1164,789,1
1067,647,381,903,677,1190,1123,848,1
1035,609,375,858,681,1296,1121,762,1
1047,612,389,868,652,1304,1169,746,1
1083,643,329,788,573,1352,1146,885,1
1097,641,361,765,472,1372,1099,940,1
1022,671,407,841,487,1306,1082,948,1
1217,694,435,820,492,1193,1135,1039,1
1267,714,429,848,511,1140,1053,1029,1
11,12,14,19,17,29,17,16,0
11,11,12,17,18,29,23,15,0
11,14,14,20,18,38,23,15,0
12,14,14,19,19,36,24,14,0
13,15,13,19,20,36,24,14,0
14,15,13,18,20,36,24,15,0
14,15,14,20,21,35,19,15,0
14,13,13,18,18,25,19,17,0
13,14,15,18,21,36,19,16,0
12,15,16,18,22,47,26,17,0
11,13,15,19,21,47,27,17,0
11,13,15,17,19,47,27,15,0
11,14,17,19,20,48,28,13,0
12,14,16,20,19,45,27,15,0
12,13,14,19,16,39,21,14,0
14,16,19,19,21,56,28,15,0
13,16,18,19,22,56,28,16,0
13,14,17,18,20,55,28,17,0
11,16,18,17,20,55,29,16,0
12,16,18,16,19,53,28,15,0
11,13,15,16,15,37,21,14,0
11,14,15,16,17,39,27,16,0
13,15,13,14,17,39,27,14,0
13,13,14,14,17,38,27,14,0
12,13,14,14,16,37,26,13,0
13,15,13,11,17,42,25,13,0
14,15,13,14,16,46,17,11,0
12,15,13,15,19,48,23,13,0
13,14,12,14,18,47,24,12,0
13,15,11,15,18,47,25,13,0
14,14,11,16,18,41,25,12,0
13,14,11,15,16,35,27,12,0
15,14,14,16,18,44,25,14,0
14,15,16,19,21,51,27,14,0
14,15,16,20,22,53,28,15,0
11,15,16,18,22,52,28,15,0
11,15,17,18,22,53,26,14,0
10,14,14,18,18,44,26,12,0
11,13,16,15,16,40,22,12,0
12,12,17,13,17,40,27,11,0
13,10,17,13,17,42,28,13,0
13,10,16,13,17,42,27,15,0
15,11,16,10,18,42,26,16,0
15,12,16,13,16,37,25,16,0
14,12,13,14,15,35,18,17,0
13,14,14,15,17,43,20,17,0
13,14,13,17,18,49,23,15,0
13,16,13,18,18,48,22,15,0
13,15,12,17,20,50,22,15,0
14,16,12,17,19,48,22,15,0
15,15,11,17,20,47,20,17,0
15,14,13,14,19,39,17,18,0
14,13,15,12,18,40,23,17,0
15,12,15,12,16,43,24,18,0
14,13,15,13,16,42,25,17,0
14,14,16,12,12,34,22,14,0
15,14,15,13,13,33,24,13,0
14,14,15,14,15,37,18,13,0
14,16,16,16,17,52,24,11,0
15,15,16,16,18,52,23,11,0
16,14,18,17,21,54,25,11,0
16,16,18,17,21,55,24,13,0
16,14,17,18,19,51,24,13,0
14,14,15,15,18,30,17,13,0
13,14,15,15,20,40,16,13,0
10,15,14,15,18,41,22,14,0
11,13,13,13,17,41,22,13,0
10,13,13,13,16,42,23,12,0
11,12,12,13,16,44,24,13,0
12,15,12,12,15,37,25,15,0
12,15,10,11,15,36,19,14,0
13,19,13,11,16,42,24,15,0
14,19,15,10,16,42,24,16,0
13,20,17,10,17,39,24,16,0
14,19,18,12,16,36,23,14,0
13,20,18,12,17,47,24,15,0
12,17,17,13,17,40,20,13,0
11,17,17,13,19,43,21,15,0
12,16,19,13,19,47,26,15,0
12,17,17,13,18,48,26,18,0
14,15,18,14,17,37,25,18,0
12,14,18,14,17,39,24,18,0
14,14,17,17,16,39,24,17,0
15,13,16,17,14,39,19,17,0
15,15,18,17,15,44,27,15,0
15,14,18,17,15,45,28,15,0
17,14,17,17,17,47,28,15,0
17,15,18,13,16,50,28,15,0
16,16,17,17,18,52,29,17,0
15,14,16,16,18,50,27,16,0
14,14,14,17,19,48,26,15,0
13,13,15,17,18,49,25,15,0
11,14,15,17,18,49,26,16,0
10,13,17,17,22,54,34,15,0
10,14,17,16,24,59,31,17,0
10,15,17,16,26,73,33,16,0
9,15,16,16,25,72,33,16,0
10,15,18,18,28,70,36,16,0
11,14,13,16,25,64,27,17,0
12,15,15,17,23,58,27,16,0
13,15,17,17,19,40,25,17,0
13,15,16,17,20,44,25,17,0
14,14,15,15,22,59,23,17,0
13,14,17,14,21,58,23,16,0
11,13,16,13,21,60,23,16,0
11,12,13,14,22,59,23,16,0
12,12,14,13,21,56,24,17,0
13,14,15,14,19,44,23,18,0
13,13,14,15,21,45,26,18,0
14,12,13,16,20,41,27,17,0
13,15,15,16,20,41,27,17,0
14,15,15,16,20,40,25,14,0
14,14,15,17,20,42,25,12,0
15,16,15,17,19,47,26,11,0
18,17,15,16,20,48,25,13,0
17,16,15,17,19,49,25,14,0
16,17,15,16,19,48,26,14,0
16,17,16,16,17,42,24,14,0
14,14,15,16,17,38,16,14,0
13,14,16,15,17,38,20,14,0
13,14,16,15,17,38,24,14,0
13,15,17,17,17,40,26,14,0
12,15,16,15,17,37,27,14,0
12,16,16,14,15,34,29,15,0
12,16,15,16,17,41,27,15,0
12,15,14,17,24,49,35,17,0
13,16,15,16,24,47,35,17,0
12,17,14,17,25,48,35,16,0
13,18,15,17,25,53,34,16,0
11,18,15,18,24,50,33,16,0
12,18,16,17,17,41,21,14,0
11,16,14,18,17,41,24,16,0
12,16,15,17,16,42,24,16,0
12,15,15,17,16,33,24,15,0
12,16,16,15,21,46,25,16,0
11,15,15,15,21,50,27,16,0
13,19,15,15,20,51,25,15,0
11,17,16,16,21,52,24,16,0
11,17,16,18,20,54,25,16,0
13,15,14,17,15,42,24,15,0
14,18,15,16,17,45,25,15,0
13,17,16,17,20,44,24,15,0
12,18,15,19,19,50,25,14,0
14,20,18,17,19,50,24,14,0
13,20,17,17,18,50,24,15,0
14,19,17,17,18,45,24,14,0
13,17,16,16,17,50,24,13,0
14,16,16,13,16,45,25,15,0
12,14,13,13,17,44,25,14,0
12,13,12,15,16,42,24,14,0
11,11,12,14,15,41,20,14,0
13,11,12,14,14,34,18,16,0
16,12,12,15,16,33,15,15,0
15,12,13,16,19,31,26,17,0
17,13,14,15,19,41,28,17,0
18,12,14,16,20,41,28,18,0
17,13,15,17,20,48,28,16,0
17,15,15,18,19,47,29,16,0
17,16,14,17,14,46,19,16,0
14,16,16,17,14,37,17,16,0
14,18,17,17,17,47,20,16,0
13,17,17,15,17,47,22,16,0
11,15,16,14,18,50,23,17,0
12,15,17,15,18,50,22,18,0
12,16,14,15,19,50,21,18,0
12,15,13,17,20,56,19,18,0
13,16,12,18,21,50,17,18,0
13,18,14,17,23,59,24,18,0
12,17,13,18,23,58,26,16,0
12,17,14,19,23,59,26,17,0
12,15,14,16,19,44,26,16,0
12,15,16,18,17,48,26,15,0
12,12,14,17,13,31,19,14,0
14,11,15,16,13,35,17,13,0
14,11,15,15,15,46,24,13,0
14,13,15,16,16,48,24,13,0
14,14,15,14,17,44,24,13,0
1061,713,426,544,388,1087,1114,906,1
963,689,455,597,394,1102,1091,846,1
1029,595,449,677,416,1024,1150,792,1
1071,655,463,758,454,1025,1106,881,1
1060,708,465,763,540,1010,1095,803,1
993,721,478,775,530,1027,1164,927,1
1056,713,509,826,551,946,1235,1004,1
1013,720,453,804,535,984,1142,998,1
1077,735,448,738,518,989,1096,947,1
1055,736,421,722,441,1074,1195,933,1
1099,640,527,785,450,1067,1193,915,1
1072,635,467,692,411,1080,1074,880,1
1075,655,468,678,386,1085,1132,844,1
1016,595,460,697,325,1145,1238,941,1
1018,537,464,713,324,1052,1180,934,1
998,649,412,665,309,1055,1155,855,1
980,651,401,706,313,1051,1232,817,1
958,606,388,708,309,1028,1232,845,1
919,584,389,685,315,1020,1069,762,1
925,568,397,688,308,999,1025,794,1
895,514,317,742,348,961,1013,835,1
929,540,366,810,371,1046,990,921,1
993,544,375,829,401,1055,998,970,1
1001,614,348,858,402,1055,1033,962,1
1077,681,349,854,409,1089,1085,1095,1
1089,667,334,855,388,1135,1126,1055,1
1048,629,269,773,390,1145,1085,1011,1
1013,593,263,787,388,1163,1110,1051,1
1042,571,296,803,398,1139,1221,1097,1
1038,586,297,801,395,1117,1201,966,1
1110,580,297,860,410,1135,1232,1039,1
1161,611,315,852,405,1044,1257,1033,1
1176,654,315,802,424,1063,1186,1095,1
1215,723,343,853,449,1032,1133,1155,1
1234,705,362,887,486,1044,1112,1364,1
1254,781,372,783,532,1029,1038,1413,1
1324,857,467,797,623,1045,1042,1485,1
1292,832,485,813,633,998,1074,1366,1
1274,768,472,720,630,986,1111,1276,1
1311,777,465,717,618,1029,1102,1075,1
1237,715,468,769,576,1009,1177,1020,1
1210,624,364,770,484,985,1192,910,1
1262,769,397,756,475,1035,1206,1079,1
1226,744,387,767,482,1117,1065,1137,1
1089,742,470,792,468,1076,1091,1096,1
1212,798,477,713,530,1075,1010,1055,1
1215,786,490,683,622,1088,1045,1098,1
1234,658,494,660,698,1074,1126,1028,1
1218,675,558,680,712,1023,1233,944,1
1225,650,541,596,750,1023,1261,978,1
1074,587,543,703,698,1038,1279,939,1
978,594,538,766,601,1080,1227,896,1
866,637,520,812,489,1074,1190,796,1
899,815,477,781,449,1086,1140,862,1
1077,819,423,814,410,1071,1126,901,1
1093,831,388,736,400,1016,1073,916,1
1114,856,428,668,455,952,1077,858,1
1122,953,435,729,474,979,983,1001,1
1069,813,435,798,468,1012,1040,1030,1
1013,824,432,848,455,1053,1022,1109,1
1009,877,512,841,468,1093,1105,1246,1
1126,894,497,847,465,1097,1173,1278,1
1189,766,507,818,447,1025,1221,1205,1
1222,773,488,792,527,1020,1225,1165,1
1154,818,505,733,582,996,1242,1105,1
1162,718,423,721,658,992,1212,897,1
1096,640,458,814,716,981,1190,894,1
1036,750,428,823,814,953,1156,865,1
1027,843,446,868,792,897,1054,838,1
1030,763,415,891,782,877,991,668,1
1042,810,467,929,783,911,1020,679,1
969,847,403,931,726,964,1002,712,1
982,726,424,921,652,1063,1089,794,1
1003,704,471,924,653,1139,1240,836,1
994,754,503,990,640,1128,1224,864,1
940,699,482,1048,612,1054,1110,882,1
970,676,495,956,599,1005,1188,955,1
886,703,472,956,583,900,1134,915,1
826,616,499,925,620,789,1022,895,1
817,548,489,899,626,871,1041,932,1
872,634,496,904,662,989,1170,1032,1
850,618,503,966,713,1044,1070,953,1
987,635,523,989,724,1128,1058,943,1
1037,639,512,1043,781,1162,1095,927,1
1005,665,527,1066,898,1169,1126,939,1
954,552,508,981,846,1086,1051,910,1
946,585,495,985,856,1037,1084,921,1
950,531,507,1034,856,997,1099,944,1
968,552,420,974,800,1016,1100,910,1
948,536,413,924,735,961,1108,876,1
932,553,393,1009,792,976,1184,833,1
863,560,402,1003,808,925,1131,784,1
708,588,370,948,818,945,1092,689,1
626,596,398,976,815,954,1047,685,1
732,690,392,978,767,958,994,774,1
716,711,408,984,736,1023,915,699,1
810,700,409,1009,661,1112,902,808,1
925,736,399,1022,699,1052,956,789,1
964,686,398,1004,670,1021,937,781,1
922,618,381,1018,611,1015,1007,784,1
1005,597,373,996,611,954,1032,779,1
954,605,387,987,617,922,1037,657,1
1002,546,406,947,581,953,998,744,1
1003,516,398,944,574,920,1036,896,1
1024,551,388,871,574,900,1016,904,1
1051,570,384,858,592,1009,1023,1045,1
1088,554,379,812,555,1012,1176,1152,1
1000,621,345,758,536,1004,1248,1186,1
1001,746,318,714,525,1067,1258,1120,1
972,673,331,724,537,1127,1346,1082,1
879,679,353,761,524,1095,1327,987,1
879,680,330,738,538,1092,1236,893,1
897,694,316,779,479,1104,1194,832,1
809,592,331,834,494,1017,1165,827,1
762,606,334,859,485,937,1004,768,1
838,598,306,741,482,942,1014,771,1
867,604,292,740,491,930,1003,868,1
821,595,321,760,516,940,1059,892,1
936,618,308,739,510,951,1043,890,1
945,609,315,731,515,986,1052,884,1
897,634,329,775,490,905,1037,886,1
927,697,327,762,476,884,1000,793,1
952,611,319,694,448,886,1007,731,1
916,600,323,648,438,965,1045,846,1
918,630,315,741,427,910,1028,832,1
969,686,318,698,522,943,1063,840,1
868,601,354,710,537,954,1091,820,1
799,632,403,720,587,901,1001,850,1
825,626,401,686,586,959,977,745,1
884,602,386,542,602,1086,982,770,1
831,505,389,524,478,1057,1013,734,1
865,574,407,643,537,1078,1040,784,1
891,591,374,763,485,1117,1034,728,1
851,589,361,801,484,1008,968,626,1
985,623,340,819,452,946,1010,854,1
1082,593,366,868,478,1009,1114,1000,1
1183,595,329,826,389,1030,1147,1081,1
1236,566,352,791,407,1061,1200,1122,1
1317,555,358,811,396,1104,1254,1240,1
1224,605,369,773,399,1113,1255,1102,1
1159,636,316,723,386,1035,1103,941,1
1048,579,299,675,422,1086,1095,876,1
1016,597,300,641,410,1051,1108,863,1
932,623,308,587,436,988,1068,796,1
922,625,309,622,451,1011,1103,831,1
900,660,339,678,452,1030,1232,885,1
923,723,356,681,407,933,1204,828,1
896,723,338,724,384,879,1117,878,1
977,730,333,711,344,971,1193,825,1
1025,664,324,686,359,931,1119,755,1
1029,623,348,703,365,962,953,779,1
1055,600,389,761,427,962,913,780,1
1233,726,363,663,436,964,880,827,1
1188,692,386,685,446,912,774,885,1
1213,716,431,773,475,879,927,1023,1
1222,706,406,735,482,904,906,1018,1
1165,649,363,673,472,970,965,1015,1
981,554,381,666,469,1012,1019,936,1
929,565,370,786,470,1042,1092,915,1
873,554,320,752,426,1050,1032,779,1
880,616,338,795,432,1036,978,748,1
998,668,369,787,381,947,969,840,1
1021,707,369,796,397,1089,1006,908,1
988,710,372,703,406,1146,890,915,1
1035,702,422,705,413,1156,918,967,1
1139,729,423,649,399,1190,1009,990,1
1086,715,405,693,396,1174,950,894,1
1144,672,405,735,425,1142,1028,850,1
1141,688,411,720,404,1112,1081,811,1
1062,716,380,714,435,1117,1081,815,1
948,681,349,729,409,1037,1174,853,1
1002,659,355,775,431,1067,1173,860,1
931,643,371,824,408,933,1019,816,1
969,602,346,798,403,861,966,882,1
981,572,356,772,368,835,934,855,1
936,536,438,803,395,913,874,750,1
842,545,433,766,413,909,832,714,1
803,492,405,698,393,992,849,760,1
868,477,426,759,400,988,894,621,1
894,469,416,789,444,992,891,597,1
917,563,333,734,411,925,854,678,1
970,578,321,710,383,954,879,807,1
1035,570,376,681,391,872,921,800,1
1006,584,372,643,420,931,971,871,1
1021,752,361,619,383,1036,970,958,1
1077,686,371,630,403,1081,950,966,1
1065,677,440,665,388,1101,996,878,1
988,699,384,736,420,1138,994,859,1
973,756,359,811,375,1162,1035,789,1
1005,596,363,771,356,1129,1053,765,1
917,553,394,756,327,1173,1116,763,1
836,532,307,715,324,1215,1174,786,1
904,513,340,698,289,1193,1163,841,1
1031,495,340,587,337,1130,1236,948,1
1011,503,349,626,394,1041,1263,1073,1
1061,522,285,632,410,961,1273,1029,1
1095,491,296,723,415,849,1201,1010,1
1046,486,311,714,402,864,1323,1019,1
973,424,325,701,397,987,1165,1046,1
845,377,301,671,333,1006,1128,811,1
776,400,351,731,456,1070,996,808,1
826,564,390,628,468,1088,993,901,1
908,554,353,642,464,1108,988,826,1
800,569,358,683,473,1048,973,666,1
837,575,370,687,472,1082,948,653,1
868,567,352,614,354,1055,996,676,1
789,409,296,616,367,1087,993,524,1
733,402,294,643,406,1059,1010,505,1
741,354,272,610,346,1023,1004,492,1
710,476,258,618,355,973,939,489,1
805,495,290,634,419,990,937,446,1
794,490,288,618,451,991,984,602,1
733,498,290,552,434,1011,829,585,1
825,517,299,522,452,966,851,587,1
855,424,294,508,441,966,853,591,1
734,405,256,535,393,937,851,684,1
752,446,255,528,349,978,855,648,1
863,460,263,463,384,976,866,636,1
783,428,256,456,375,996,914,647,1
852,414,289,563,410,1020,1007,689,1
889,414,273,482,394,958,955,612,1
941,423,278,519,378,849,926,654,1
824,391,295,538,367,781,869,651,1
860,412,322,581,381,733,817,716,1
801,399,314,550,342,679,806,683,1
737,371,300,582,326,741,848,667,1
677,335,299,567,328,699,811,540,1
765,403,285,578,299,747,766,531,1
731,417,251,581,350,791,736,441,1
767,430,309,604,378,851,744,480,1
785,421,368,618,388,804,727,469,1
856,420,387,609,424,874,771,498,1
103,199,199,521,1158,962,237,319,2
106,189,212,566,1258,839,232,330,2
113,181,207,491,1261,885,253,322,2
113,158,207,469,1216,883,231,277,2
117,155,230,435,1151,909,224,250,2
130,167,236,502,1162,909,248,266,2
127,169,223,446,1062,899,287,260,2
122,172,216,451,1072,820,281,235,2
121,176,223,481,1125,860,283,281,2
131,175,195,482,1164,831,276,295,2
115,165,200,411,1119,862,256,358,2
119,179,209,411,1115,933,219,346,2
126,198,235,440,1142,938,188,325,2
126,199,251,459,1142,940,223,302,2
102,201,269,428,1118,972,242,330,2
102,192,262,445,1105,936,253,306,2
89,189,248,452,1056,849,248,311,2
85,156,225,459,1019,824,260,331,2
87,152,195,440,964,760,241,336,2
95,169,160,461,1031,722,231,329,2
101,182,174,489,1068,754,223,293,2
118,197,203,551,1109,760,250,326,2
110,186,194,566,1140,834,237,321,2
110,189,191,542,1129,878,233,308,2
116,188,186,531,1067,886,232,282,2
115,186,170,485,1049,906,223,289,2
108,163,147,395,1031,915,213,288,2
111,168,152,333,930,890,220,291,2
107,160,149,354,1028,861,216,291,2
97,158,156,345,1048,850,230,272,2
93,142,147,361,1049,924,253,263,2
104,131,126,341,1045,890,240,314,2
108,131,118,345,1054,877,238,362,2
106,145,123,306,981,881,235,363,2
105,136,115,301,965,909,216,370,2
104,163,159,322,1025,857,196,371,2
93,173,167,349,1012,887,188,350,2
85,171,177,355,1043,877,173,337,2
87,173,183,373,1058,835,176,355,2
85,170,189,404,1060,834,188,346,2
90,160,154,365,949,788,185,372,2
91,154,149,344,954,768,172,348,2
112,182,174,354,984,792,206,333,2
119,179,173,369,1011,826,213,382,2
121,183,171,375,1099,899,212,399,2
121,181,178,382,1105,860,209,380,2
112,186,184,385,1052,869,210,363,2
95,169,157,383,1032,898,206,345,2
102,161,152,391,1040,909,196,285,2
112,162,148,368,907,811,191,293,2
113,174,146,403,897,842,187,312,2
111,177,148,393,990,917,195,308,2
114,185,168,399,975,933,204,303,2
104,188,163,375,936,925,206,287,2
95,182,163,379,1033,976,211,282,2
95,155,161,329,1034,985,230,330,2
112,161,165,344,911,986,222,369,2
108,147,154,364,910,974,210,380,2
118,138,166,405,904,965,215,398,2
122,148,167,398,838,983,207,391,2
124,165,184,412,895,968,211,319,2
127,160,182,436,1011,924,214,394,2
124,159,168,390,978,877,203,390,2
119,160,174,388,1066,923,215,379,2
131,148,187,427,1095,945,236,400,2
128,136,173,444,1072,957,212,398,2
111,120,165,427,1088,1021,222,269,2
123,139,171,451,1139,1030,229,263,2
116,129,149,406,1051,991,205,254,2
97,136,135,380,1050,945,179,284,2
93,132,123,343,1028,953,187,316,2
98,137,130,330,967,876,187,325,2
81,127,166,358,890,856,171,312,2
85,152,175,382,941,859,176,315,2
90,169,183,395,904,799,178,269,2
96,169,191,401,922,788,168,265,2
92,165,182,408,963,806,155,267,2
93,161,160,428,1020,791,158,276,2
97,145,159,407,951,764,163,268,2
110,133,155,374,934,785,168,253,2
105,132,154,385,960,781,183,237,2
128,142,163,361,872,806,174,261,2
129,140,146,309,914,814,169,297,2
122,136,140,306,965,847,172,296,2
108,151,132,306,940,809,162,304,2
108,151,120,290,939,772,139,287,2
98,163,120,282,956,704,138,262,2
102,161,137,264,927,690,146,228,2
99,163,140,270,912,666,147,240,2
97,149,156,351,976,674,139,234,2
131,181,189,399,989,663,153,241,2
120,163,189,427,1001,697,155,237,2
122,169,173,416,969,708,144,255,2
124,184,185,415,965,741,133,242,2
126,181,179,358,930,728,142,221,2
97,166,160,320,838,707,128,210,2
91,160,149,299,810,692,135,224,2
102,146,161,376,877,774,142,223,2
105,126,152,366,843,747,152,241,2
109,128,143,348,863,764,157,271,2
111,103,141,352,894,808,160,323,2
115,118,157,350,927,827,166,310,2
102,142,169,346,921,770,173,287,2
100,148,161,349,1003,784,187,276,2
97,135,158,373,963,797,188,267,2
87,155,161,350,951,755,185,208,2
94,171,155,349,987,764,183,208,2
88,156,132,264,949,783,173,199,2
94,152,137,266,950,754,147,241,2
86,153,138,275,994,785,149,231,2
81,134,136,308,1035,862,154,218,2
80,113,134,324,1015,875,164,257,2
87,111,143,340,1036,837,170,273,2
120,120,166,399,986,853,195,287,2
123,126,176,408,983,833,197,289,2
128,138,177,397,977,764,205,311,2
124,152,176,439,1036,684,205,284,2
130,185,188,460,1018,760,207,275,2
101,187,163,407,980,756,197,234,2
102,186,161,383,963,797,193,267,2
106,186,158,395,946,825,187,323,2
124,226,185,346,932,819,197,328,2
114,207,171,322,1009,767,202,323,2
117,221,173,322,1062,809,196,330,2
124,226,174,355,1042,777,189,331,2
118,228,165,361,1093,854,189,273,2
103,188,159,388,1050,990,199,275,2
112,185,162,388,1018,971,195,294,2
109,160,161,386,972,929,186,302,2
121,156,150,339,1058,975,186,275,2
119,158,151,301,1052,935,186,257,2
114,138,127,296,1061,876,146,250,2
108,155,123,291,996,906,145,246,2
112,168,128,293,992,948,149,229,2
95,177,141,320,945,901,183,297,2
93,166,137,321,896,850,189,365,2
94,170,153,282,837,854,203,383,2
94,155,147,306,968,828,208,399,2
85,152,149,309,980,833,219,409,2
110,174,169,337,994,815,210,360,2
113,191,177,340,1000,866,207,301,2
123,191,172,353,1066,881,231,335,2
127,221,190,315,941,941,219,313,2
145,232,226,423,987,898,250,321,2
127,218,230,417,1047,887,242,315,2
123,204,229,424,1002,872,238,316,2
122,212,257,491,991,955,233,253,2
145,183,255,530,1054,929,258,281,2
146,194,255,496,1025,960,237,348,2
145,183,237,473,914,984,232,374,2
146,181,229,460,918,943,232,364,2
148,180,205,399,870,860,207,361,2
135,186,193,355,813,829,186,345,2
107,151,143,290,811,770,159,244,2
109,152,146,349,836,780,171,209,2
121,158,149,369,887,810,174,236,2
112,138,139,363,894,773,187,227,2
100,181,157,366,921,792,190,222,2
102,188,168,366,907,801,189,260,2
131,191,178,390,1002,820,196,279,2
122,198,185,376,937,867,202,276,2
125,205,181,418,946,847,205,294,2
143,174,186,447,973,829,201,306,2
145,172,219,517,1042,883,219,318,2
115,169,204,454,894,929,203,299,2
128,152,217,506,1074,954,280,314,2
128,150,217,474,1101,998,278,299,2
122,153,227,490,1097,999,291,291,2
156,151,209,439,1042,979,282,302,2
158,165,224,476,1151,980,305,319,2
148,178,209,431,1079,942,249,303,2
144,180,203,416,1007,865,234,314,2
133,161,173,398,1049,840,221,320,2
106,174,178,421,1085,836,218,277,2
120,162,182,408,1053,783,193,286,2
146,171,193,445,1114,815,212,365,2
153,179,202,475,1170,799,214,402,2
150,173,203,477,1079,841,213,406,2
140,154,205,535,1103,812,216,400,2
144,158,181,514,1131,861,222,391,2
128,144,184,497,1068,766,201,377,2
138,137,196,488,1110,918,226,421,2
138,137,191,490,1143,931,230,430,2
142,150,194,466,1084,942,237,437,2
122,139,201,503,1046,887,248,443,2
110,140,194,489,1002,936,257,460,2
88,136,178,493,948,923,237,410,2
86,145,187,466,914,950,233,395,2
74,135,158,399,898,908,227,382,2
79,133,182,384,903,929,210,366,2
79,129,190,444,965,921,177,293,2
82,149,206,466,947,819,178,317,2
84,148,219,547,1016,776,183,296,2
94,175,256,629,1061,852,199,311,2
104,184,260,660,1059,819,194,315,2
110,184,259,674,1046,826,209,316,2
120,168,253,680,1096,944,224,364,2
132,184,273,686,1072,915,221,388,2
127,153,238,598,1048,838,203,396,2
126,165,222,557,1016,862,200,419,2
126,158,212,530,1033,833,195,446,2
118,163,211,490,966,766,175,358,2
104,154,172,428,962,779,164,340,2
112,182,216,591,1048,853,171,355,2
132,200,234,660,1087,847,194,366,2
131,211,254,735,1124,904,210,357,2
132,223,267,746,1198,929,238,370,2
155,231,281,787,1216,953,266,452,2
150,223,250,693,1155,954,274,475,2
135,199,264,694,1177,1003,279,507,2
136,191,246,613,1143,974,261,493,2
135,174,248,645,1166,871,241,497,2
112,156,234,594,1127,826,206,421,2
115,140,240,590,1150,869,204,374,2
131,137,209,533,1145,831,237,412,2
141,151,223,529,1155,841,272,423,2
145,164,224,511,1130,890,301,478,2
147,182,225,497,1114,899,306,482,2
155,196,221,484,1096,809,305,494,2
147,190,218,459,1062,724,262,443,2
135,195,199,432,1008,739,235,413,2
150,187,192,409,1044,746,222,394,2
159,169,195,426,1056,793,221,392,2
149,175,201,446,1018,806,215,374,2
138,195,203,463,1004,844,213,326,2
152,186,214,463,1009,817,228,337,2
131,176,200,451,918,741,200,256,2
117,171,178,402,898,715,197,261,2
120,151,163,370,981,717,188,362,2
122,126,153,381,980,697,199,387,2
114,122,157,401,977,600,160,379,2
123,140,170,449,1006,700,160,414,2
121,157,184,502,1103,758,155,405,2
124,150,196,538,1051,745,162,362,2
140,175,251,592,1123,797,192,346,2
141,170,248,596,1164,853,211,366,2
165,181,277,573,1179,818,221,356,2
171,168,272,525,1085,780,226,385,2
174,180,275,554,1122,857,238,356,2
161,164,242,478,1011,791,208,338,2
160,181,248,473,954,835,219,326,2
130,163,203,455,890,808,223,335,2
128,184,252,543,952,796,258,328,2
128,192,263,493,913,707,254,342,2
133,199,268,529,994,733,253,354,2
129,179,257,530,1016,635,239,373,2
127,175,255,515,981,606,227,367,2
146,170,229,454,982,576,181,411,2
136,145,206,443,1030,584,161,385,2
129,130,173,382,970,581,146,447,2
123,144,179,361,968,578,126,424,2
118,152,169,355,964,655,117,405,2
98,143,141,327,999,659,128,343,2
126,161,155,330,927,751,137,409,2
119,161,161,362,984,746,145,326,2
126,167,165,352,990,766,149,336,2
128,160,180,389,1055,746,156,340,2
126,150,171,393,1029,827,152,347,2
104,128,149,384,1044,714,143,294,2
117,123,147,346,959,709,136,347,2
126,103,167,393,971,757,170,345,2
123,107,163,390,1020,728,196,343,2
114,117,168,406,983,636,196,327,2
105,130,172,403,956,635,194,327,2
103,129,170,440,992,704,214,396,2
84,121,137,464,1054,736,199,413,2
85,119,141,468,993,810,176,410,2
93,124,143,493,1021,876,181,422,2
107,124,137,497,1025,891,185,467,2
95,139,160,499,1083,830,174,417,2
102,162,181,455,1046,806,161,393,2
102,166,171,427,1009,786,144,383,2
98,153,168,363,945,691,131,389,2
95,149,167,359,949,672,134,375,2
100,154,183,352,949,687,144,349,2
90,133,158,335,856,681,147,346,2
99,144,172,353,892,637,151,361,2
103,159,182,397,919,646,148,346,2
92,153,179,384,914,680,151,288,2
87,130,135,361,854,695,126,288,2
90,149,143,342,857,674,135,315,2
87,145,141,386,901,711,163,366,2
84,131,121,346,955,698,159,376,2
85,158,127,349,904,722,153,350,2
87,170,140,369,928,710,165,343,2
104,156,135,410,1017,733,189,351,2
100,150,118,340,945,683,168,296,2
94,154,123,339,853,728,167,289,2
93,131,128,346,895,673,160,291,2
95,162,152,344,857,645,165,328,2
94,168,181,360,809,686,165,317,2
97,198,199,382,843,778,174,316,2
111,211,231,405,931,816,198,362,2
113,213,242,413,948,888,216,381,2
118,201,254,406,1044,905,206,335,2
117,207,256,358,1067,905,198,351,2
120,176,252,360,1073,862,205,348,2
123,168,234,325,1107,800,189,335,2
130,170,218,313,1136,778,194,337,2
140,162,198,301,1070,809,210,403,2
135,149,196,305,1021,811,205,421,2
131,189,209,311,1051,797,199,434,2
121,180,205,374,992,816,208,407,2
113,172,220,406,977,808,200,404,2
102,175,238,411,964,806,183,414,2
97,176,234,424,997,804,191,425,2
93,122,220,395,908,795,186,421,2
91,126,212,347,893,764,174,419,2
102,143,221,306,855,718,172,418,2
95,137,204,280,859,680,169,344,2
111,144,194,243,840,605,174,366,2
110,144,194,254,899,584,173,365,2
119,178,196,236,830,592,175,366,2
113,177,199,269,882,647,183,364,2
117,179,200,281,878,677,186,362,2
127,177,194,281,884,653,159,412,2
131,194,190,289,908,666,150,408,2
121,175,191,318,972,751,143,411,2
121,170,155,281,948,731,117,423,2
112,161,122,265,937,715,143,421,2
93,151,120,271,933,731,145,286,2
113,143,126,262,932,770,154,350,2
119,128,122,239,995,735,155,363,2
115,127,142,265,1001,690,150,354,2
118,122,145,271,1013,678,131,352,2
116,126,152,289,988,694,150,387,2
102,123,151,283,951,666,147,375,2
103,129,157,287,915,623,151,391,2
116,141,167,343,954,693,186,398,2
125,194,189,376,1009,671,179,387,2
118,205,191,375,1062,661,181,336,2
115,200,184,377,1009,731,185,272,2
116,193,182,374,945,740,182,230,2
109,190,166,308,834,681,146,230,2
101,139,145,275,727,726,157,238,2
100,121,128,237,618,772,145,246,2
132,120,139,257,718,725,157,300,2
134,122,127,235,734,706,161,301,2
133,138,139,223,747,768,188,274,2
162,194,172,304,799,738,203,337,2
161,193,177,314,876,654,203,353,2
135,196,168,286,797,578,182,309,2
135,208,185,306,819,593,181,307,2
131,194,187,320,878,559,168,327,2
93,153,155,273,885,612,142,272,2
106,183,175,290,834,612,126,269,2
105,186,183,298,882,651,139,264,2
111,179,169,290,875,662,144,268,2
131,177,169,285,843,611,132,312,2
140,168,195,265,845,567,153,322,2
128,139,190,256,832,612,162,309,2
128,142,182,265,782,628,155,306,2
123,136,181,258,789,597,146,323,2
103,129,165,268,821,672,154,301,2
88,160,161,334,847,657,129,271,2
94,157,144,322,837,657,117,260,2
87,146,143,325,911,644,123,261,2
90,154,148,330,961,689,145,299,2
88,157,151,331,1009,635,154,273,2
89,120,127,260,949,635,158,290,2
84,116,132,273,951,654,156,299,2
86,129,135,253,931,645,158,302,2
70,125,152,287,870,626,164,253,2
80,137,159,286,771,661,143,246,2
101,144,156,316,826,724,145,257,2
101,144,149,301,839,655,146,252,2
101,147,153,359,801,658,138,277,2
106,144,126,336,839,667,111,262,2
96,126,110,318,896,688,129,263,2
71,120,98,271,866,656,126,236,2
90,122,117,362,928,690,158,225,2
90,106,113,324,946,717,159,189,2
90,103,120,336,922,720,162,207,2
85,108,122,331,824,786,150,177,2
93,106,131,339,832,778,168,225,2
79,104,113,236,739,754,141,236,2
79,101,114,223,742,692,148,241,2
77,105,121,253,772,752,177,231,2
117,128,176,498,1142,831,281,344,2
129,136,169,472,1114,818,258,429,2
114,132,144,412,1010,847,238,409,2
110,127,142,443,1066,889,221,414,2
109,127,141,437,1043,953,225,412,2
112,122,134,378,1058,954,211,449,2
94,110,120,363,1069,998,217,392,2
108,123,134,359,1128,983,225,385,2
109,116,127,339,1085,908,215,473,2
112,117,136,357,1071,861,209,475,2
108,120,134,327,1016,860,209,421,2
113,125,144,342,1029,797,189,406,2
108,112,146,393,1010,757,177,392,2
106,111,158,397,996,793,185,334,2
109,111,167,384,1037,799,194,351,2
119,114,173,403,1080,787,185,374,2
117,113,172,406,1123,773,221,442,2
109,105,159,356,1074,811,219,441,2
134,111,149,336,1106,773,230,444,2
129,109,129,344,1049,726,220,436,2
120,126,139,362,993,694,226,477,2
127,120,152,427,922,688,197,494,2
127,127,153,423,944,701,190,498,2
98,137,162,440,930,654,172,468,2
101,143,165,463,939,697,195,479,2
104,132,153,470,929,782,239,469,2
89,139,141,394,940,848,254,400,2
88,135,140,440,1017,841,261,418,2
86,120,123,427,1021,904,267,424,2
84,113,145,438,1035,911,242,403,2
126,125,167,433,1090,914,204,396,2
126,119,164,446,1094,856,175,361,2
132,124,161,421,1078,864,161,323,2
135,130,162,422,1016,814,162,332,2
143,127,142,384,998,854,171,329,2
109,114,135,373,991,835,172,277,2
108,120,140,408,1116,866,195,334,2
106,120,142,404,1091,875,213,387,2
105,118,163,420,1109,940,208,366,2
91,116,167,411,1061,862,238,419,2
81,121,151,381,1012,844,238,424,2
85,130,178,390,908,856,269,457,2
76,122,174,352,860,796,255,441,2
76,128,151,325,802,744,252,438,2
87,150,157,324,957,839,251,449,2
98,144,159,364,1033,832,254,500,2
104,133,142,335,1055,867,204,464,2
110,132,149,337,1019,875,198,468,2
113,128,161,330,1042,894,203,472,2
113,122,168,369,1010,859,186,434,2
113,120,162,339,937,855,175,422,2
115,127,156,401,897,745,178,459,2
108,132,156,431,927,834,200,435,2
109,132,167,448,946,793,204,426,2
109,120,155,421,903,773,187,416,2
105,125,158,431,953,762,197,375,2
103,114,146,335,926,835,196,295,2
107,112,151,291,911,759,189,325,2
102,107,138,275,919,807,175,323,2
104,114,126,279,975,760,201,398,2
98,113,129,278,940,831,181,379,2
88,111,131,286,962,821,181,353,2
98,120,126,294,1007,824,166,382,2
99,119,118,303,970,782,203,496,2
96,110,128,322,925,802,168,437,2
97,101,124,310,866,726,170,434,2
97,122,140,346,871,715,171,444,2
100,115,146,357,813,693,178,449,2
105,123,161,376,844,701,179,343,2
98,120,162,345,785,781,195,335,2
115,125,166,373,861,796,230,406,2
112,106,153,333,772,739,221,412,2
118,115,146,333,785,751,218,385,2
132,114,141,373,891,747,219,408,2
135,116,135,373,899,670,208,417,2
121,118,141,381,829,665,167,401,2
126,136,156,427,897,719,177,402,2
119,124,153,423,933,714,178,405,2
93,121,135,360,792,700,152,377,2
112,152,206,442,922,837,220,443,2
127,155,203,407,918,858,238,475,2
133,142,191,356,878,880,256,514,2
122,139,190,340,813,861,249,482,2
124,138,199,342,820,918,251,495,2
105,105,122,230,654,823,202,440,2
87,100,111,231,788,801,185,355,2
83,111,127,313,897,780,199,359,2
82,114,134,328,932,774,202,377,2
79,114,123,325,894,790,199,360,2
78,111,126,351,885,755,190,344,2
86,108,137,376,887,722,197,390,2
89,101,122,316,748,702,181,385,2
91,118,118,316,765,729,191,412,2
96,112,111,301,796,626,175,408,2
97,111,114,284,856,713,181,401,2
94,155,114,282,815,750,177,383,2
83,159,119,283,836,805,149,334,2
84,152,120,288,785,790,129,300,2
83,155,130,318,809,810,146,292,2
102,154,124,319,810,763,146,303,2
96,116,110,294,802,750,148,267,2
104,112,104,311,856,723,154,312,2
114,126,100,323,908,721,160,335,2
114,129,120,332,959,746,147,348,2
97,130,122,368,967,748,153,371,2
100,127,125,367,967,814,166,394,2
90,122,126,351,944,831,169,356,2
85,104,122,343,952,871,171,330,2
90,99,98,313,920,854,169,317,2
99,115,123,252,923,842,169,302,2
104,128,139,262,891,808,152,330,2
114,134,151,296,883,806,160,348,2
114,139,157,323,897,780,157,367,2
115,139,162,343,892,775,169,474,2
107,131,154,387,929,825,170,475,2
103,111,138,396,989,769,170,452,2
91,103,118,409,986,720,163,440,2
91,95,112,388,982,737,180,439,2
85,98,99,387,996,697,186,356,2
85,97,83,361,974,616,182,337,2
82,98,78,331,903,653,178,304,2
83,104,88,304,933,658,161,284,2
86,106,92,305,955,723,187,371,2
88,103,110,314,958,779,215,387,2
89,130,143,294,905,770,208,411,2
92,142,145,323,881,748,208,420,2
88,157,145,322,843,777,218,419,2
81,158,143,306,754,731,205,345,2
85,158,138,286,742,703,164,348,2
80,130,99,279,727,748,168,317,2
85,126,110,267,820,729,171,334,2
88,111,156,245,847,676,162,333,2
85,137,169,273,872,656,147,382,2
77,154,183,282,852,647,144,427,2
85,162,200,279,917,637,159,443,2
86,160,200,310,898,722,155,442,2
87,158,186,336,846,775,164,470,2
93,145,178,371,833,804,152,412,2
135,145,169,390,865,826,158,448,2
134,137,157,396,825,782,145,444,2
130,135,161,390,904,778,159,443,2
130,145,169,431,1015,796,161,449,2
128,140,166,389,1021,735,168,450,2
111,140,188,458,1044,767,180,356,2
121,143,188,502,1063,863,186,443,2
123,144,213,487,945,817,180,440,2
125,137,194,451,854,775,180,410,2
122,139,203,466,905,845,170,400,2
135,181,189,427,878,812,221,395,2
127,199,196,410,914,733,233,300,2
129,207,179,424,971,747,266,299,2
124,220,176,407,957,791,270,320,2
122,214,166,422,920,712,271,327,2
78,172,147,373,888,695,218,281,2
88,178,160,373,824,712,198,322,2
99,172,150,341,789,686,153,372,2
102,146,154,390,901,649,157,396,2
103,189,174,363,897,739,164,436,2
105,189,208,404,957,767,165,432,2
88,165,188,379,938,785,161,391,2
73,166,182,408,933,861,157,360,2
74,169,183,359,842,866,152,393,2
73,126,170,338,847,800,147,353,2
78,138,152,325,796,745,166,447,2
83,136,151,309,870,757,168,447,2
84,134,182,328,885,679,182,422,2
79,144,183,338,864,713,181,362,2
118,151,216,454,974,725,220,426,2
112,130,199,416,910,803,211,340,2
122,164,209,446,870,769,228,364,2
123,158,181,461,935,789,214,417,2
125,164,194,456,954,736,211,410,2
107,175,178,349,841,782,172,444,2
115,184,183,357,928,709,167,468,2
113,153,169,332,923,734,147,469,2
108,152,173,257,889,703,143,438,2
116,137,161,302,910,687,153,477,2
105,108,134,299,887,642,145,371,2
116,111,143,402,923,666,152,398,2
109,111,153,395,923,698,169,439,2
113,119,164,433,893,753,176,448,2
110,125,160,425,894,788,159,407,2
110,135,168,450,992,832,173,409,2
96,123,165,368,922,829,161,389,2
110,125,155,361,947,842,144,337,2
106,117,136,323,934,800,135,333,2
101,108,133,296,898,809,133,330,2
107,110,162,319,881,747,108,351,2
100,110,162,319,851,755,105,293,2
82,111,173,327,818,673,96,262,2
94,116,187,379,869,781,154,314,2
92,117,188,388,949,721,170,312,2
82,116,180,353,847,688,172,290,2
81,119,182,364,922,719,177,290,2
83,115,182,360,963,762,190,289,2
71,117,171,298,926,671,155,179,2
93,115,176,328,853,669,146,232,2
99,102,146,322,903,760,142,254,2
105,113,156,295,868,751,147,257,2
104,123,153,313,806,704,129,255,2
103,122,149,307,794,681,118,280,2
80,127,144,269,831,727,127,223,2
87,126,145,256,855,684,147,243,2
82,114,119,267,841,717,145,240,2
82,98,118,288,860,702,159,278,2
81,103,125,300,832,714,157,258,2
96,107,128,318,815,718,156,281,2
92,117,147,377,879,731,167,296,2
92,116,149,368,899,660,170,360,2
90,128,146,338,873,735,188,358,2
99,123,142,343,937,714,197,366,2
87,107,129,307,887,657,187,353,2
84,128,150,333,848,629,169,339,2
81,124,149,351,884,637,159,269,2
79,115,149,344,892,678,125,262,2
87,136,173,396,882,707,143,355,2
88,143,182,407,888,701,148,434,2
84,130,165,349,900,691,133,416,2
90,131,161,333,852,696,139,422,2
98,136,162,347,851,673,135,418,2
80,118,131,272,810,712,116,366,2
79,114,125,269,865,773,108,311,2
96,106,120,300,859,764,125,313,2
94,117,121,306,838,727,123,308,2
92,144,156,339,875,642,190,351,2
98,149,162,351,891,627,185,322,2
95,151,165,341,833,592,192,276,2
91,159,171,390,841,667,230,338,2
102,165,187,395,908,751,240,360,2
97,146,164,373,887,785,199,325,2
90,136,170,357,867,793,198,349,2
91,135,170,356,931,763,201,352,2
78,119,151,238,960,717,152,287,2
67,107,137,238,914,680,135,262,2
71,92,123,202,885,676,127,235,2
70,91,109,214,940,685,142,285,2
73,86,97,230,932,721,148,312,2
71,99,101,258,855,741,153,327,2
70,102,94,259,943,750,159,321,2
69,108,107,273,961,749,160,324,2
86,110,105,287,924,681,147,417,2
91,116,111,295,893,742,137,423,2
90,105,117,344,921,782,129,417,2
93,110,137,345,849,762,127,422,2
92,101,127,341,837,712,121,422,2
80,103,124,323,813,756,124,322,2
75,118,125,332,929,713,127,369,2
78,120,127,300,897,673,134,369,2
74,112,117,315,917,779,138,369,2
69,123,138,358,952,821,140,365,2
66,124,142,353,964,776,142,332,2
81,118,138,340,821,847,130,257,2
81,124,133,324,810,830,136,303,2
81,115,120,280,709,769,136,356,2
88,138,142,295,748,764,144,355,2
88,141,146,310,761,793,135,332,2
101,134,144,340,807,765,153,332,2
104,141,145,341,766,805,151,319,2
102,154,158,383,815,763,155,280,2
50,26,11,14,19,25,13,13,0
45,27,11,18,18,24,14,13,0
46,30,12,18,17,21,14,13,0
44,31,15,18,17,27,13,13,0
43,30,16,19,17,28,14,15,0
45,28,17,17,12,28,16,15,0
45,25,18,13,14,29,17,15,0
42,26,19,13,14,28,16,15,0
42,33,17,14,13,24,14,16,0
40,33,18,14,13,24,16,14,0
43,35,18,14,14,28,14,14,0
47,39,16,16,12,29,14,14,0
46,37,15,14,13,30,14,15,0
42,29,16,14,13,25,14,14,0
44,36,16,13,15,27,15,15,0
40,40,15,14,13,23,14,16,0
45,39,16,11,15,21,15,16,0
47,37,14,11,15,26,15,16,0
47,37,12,15,16,26,14,16,0
47,34,12,15,14,23,12,14,0
54,68,12,14,16,25,14,13,0
48,72,12,16,14,25,13,13,0
52,73,14,18,15,25,13,15,0
56,75,15,15,15,25,16,15,0
57,76,14,15,18,31,16,15,0
54,44,14,15,17,30,16,15,0
53,37,14,16,18,29,15,15,0
47,39,13,14,17,24,17,13,0
46,41,13,14,17,27,14,13,0
39,36,13,16,15,21,15,14,0
32,37,15,16,14,25,15,14,0
31,44,15,14,14,31,20,15,0
39,48,16,13,13,33,18,15,0
42,50,17,15,14,33,19,15,0
42,51,16,14,14,32,19,15,0
47,51,15,14,17,31,19,15,0
53,51,15,14,19,25,13,15,0
54,48,14,15,19,25,16,14,0
49,41,12,14,18,25,16,15,0
53,39,13,13,19,27,16,14,0
59,42,12,13,17,25,15,13,0
58,32,13,14,15,29,18,14,0
55,29,13,14,16,28,16,13,0
58,30,15,16,14,24,14,14,0
55,33,14,16,14,22,14,15,0
49,31,15,17,13,22,15,15,0
44,33,14,18,14,16,14,13,0
43,39,15,17,14,16,14,15,0
39,39,14,15,16,19,16,13,0
42,36,15,15,16,17,16,11,0
36,35,15,15,15,17,16,12,0
37,45,15,12,14,15,16,13,0
42,41,15,14,15,18,16,13,0
47,40,15,17,14,18,15,13,0
52,44,15,18,13,20,15,15,0
52,43,14,18,13,20,16,13,0
50,33,14,19,13,21,14,12,0
43,34,14,18,13,23,15,12,0
42,37,12,16,12,26,16,13,0
36,32,12,16,13,26,16,13,0
38,34,12,15,13,26,17,16,0
43,31,13,14,13,27,16,15,0
47,34,13,15,13,23,16,15,0
60,43,14,13,13,16,15,17,0
59,45,14,14,13,20,15,17,0
59,44,15,14,14,20,14,15,0
57,43,15,16,13,20,15,15,0
55,38,13,16,14,21,13,15,0
46,31,15,15,15,27,13,13,0
51,31,17,13,14,23,15,13,0
49,31,17,15,15,24,14,13,0
49,31,17,14,15,23,14,13,0
56,33,17,16,14,23,13,13,0
54,32,16,17,15,17,14,13,0
45,30,14,17,17,18,12,15,0
47,30,11,15,15,17,12,14,0
47,31,13,14,16,24,12,14,0
40,36,14,15,16,24,13,16,0
42,33,15,14,16,23,13,15,0
43,42,14,15,14,22,13,14,0
43,42,14,15,15,25,14,15,0
42,45,15,15,15,20,15,17,0
54,42,13,15,15,19,13,16,0
54,45,13,16,13,26,13,16,0
56,41,15,15,15,25,13,15,0
57,41,16,15,14,28,15,17,0
59,47,16,16,17,30,16,19,0
46,44,16,15,17,31,17,17,0
45,46,17,15,16,26,16,17,0
40,42,16,16,15,26,17,18,0
38,43,15,16,14,20,14,16,0
32,40,11,16,13,24,13,12,0
36,42,14,16,13,25,15,14,0
36,39,12,15,14,24,15,14,0
37,40,12,15,14,24,16,16,0
38,40,13,15,15,30,17,16,0
39,32,15,15,12,25,17,17,0
37,36,13,15,12,27,15,17,0
36,33,14,15,14,32,15,17,0
38,30,14,17,15,33,15,15,0
44,31,14,16,14,29,15,15,0
44,34,13,17,14,29,15,14,0
44,34,12,16,14,28,15,14,0
44,41,13,16,13,24,15,15,0
48,44,13,13,16,30,14,17,0
41,43,13,13,17,28,14,16,0
43,40,13,13,17,28,13,16,0
41,35,15,14,16,28,13,16,0
46,35,16,14,15,26,12,16,0
43,40,15,17,13,20,12,14,0
45,45,17,18,16,49,14,15,0
40,45,17,16,16,51,14,16,0
50,49,17,16,17,51,14,15,0
49,43,15,17,18,51,14,14,0
47,38,15,15,16,52,15,14,0
49,44,15,15,14,28,13,15,0
62,44,14,15,13,25,14,12,0
58,41,13,16,15,30,13,12,0
57,47,16,15,14,30,12,13,0
57,47,17,16,14,29,12,13,0
58,39,16,16,14,29,11,12,0
50,38,17,17,15,30,10,12,0
47,42,18,17,14,25,13,14,0
45,43,16,17,16,29,14,15,0
49,41,15,18,16,30,14,16,0
52,44,14,16,17,29,14,16,0
52,54,16,16,17,28,14,16,0
50,51,14,17,16,26,12,16,0
50,46,14,17,15,28,12,14,0
47,46,15,17,18,29,11,14,0
41,50,15,15,17,27,11,14,0
41,42,11,15,16,27,11,14,0
44,43,12,14,16,29,13,12,0
43,42,12,13,17,22,13,14,0
54,42,11,15,15,21,14,12,0
58,39,14,15,16,30,16,13,0
57,41,13,14,16,30,17,13,0
56,40,14,14,16,29,16,13,0
54,41,14,15,16,29,18,12,0
48,46,16,15,18,36,18,12,0
45,42,14,16,18,30,16,12,0
41,39,16,18,18,31,16,12,0
40,39,15,18,17,30,15,12,0
65,41,15,17,18,40,13,13,0
64,33,14,15,16,33,14,14,0
63,35,15,14,14,32,14,15,0
63,33,13,13,15,35,14,15,0
62,33,15,14,15,35,14,15,0
52,40,14,13,13,25,14,13,0
48,42,14,14,15,26,13,14,0
48,39,12,13,15,29,13,11,0
52,43,13,11,15,29,13,13,0
60,48,13,10,16,29,13,15,0
49,43,13,12,18,28,13,15,0
47,42,13,14,16,31,15,16,0
50,44,14,15,17,28,14,17,0
58,42,16,15,16,25,13,17,0
51,37,15,17,16,25,13,16,0
50,35,15,17,13,26,13,16,0
50,39,15,15,13,21,12,16,0
49,38,15,15,13,19,13,16,0
41,41,12,15,13,18,13,15,0
45,45,13,14,13,18,14,14,0
44,43,14,15,16,20,15,14,0
47,43,14,16,17,20,15,15,0
47,46,14,16,16,19,15,15,0
44,42,16,16,16,19,15,15,0
38,36,15,18,17,17,13,15,0
42,45,14,16,13,14,12,17,0
40,40,14,16,14,13,12,14,0
35,37,13,17,14,14,13,13,0
32,36,11,17,16,13,12,18,0
38,37,11,13,17,13,13,18,0
37,26,11,15,16,18,13,17,0
41,30,11,15,18,20,14,18,0
41,37,11,14,18,20,12,18,0
43,38,13,14,17,20,12,14,0
39,37,13,16,16,20,12,13,0
40,43,14,18,16,16,12,14,0
37,45,16,16,13,23,12,15,0
37,45,16,16,12,23,15,15,0
43,44,15,17,14,24,15,15,0
48,45,14,16,14,25,15,16,0
56,42,14,15,14,24,15,15,0
58,44,11,16,13,16,16,14,0
64,41,12,16,13,15,13,13,0
64,43,13,15,12,18,14,12,0
59,43,13,16,12,17,13,11,0
53,40,12,15,13,18,15,10,0
57,46,14,16,12,19,14,14,0
51,47,16,16,14,22,14,14,0
43,46,17,16,14,21,13,15,0
44,50,17,15,15,23,15,18,0
44,53,17,16,14,22,14,18,0
37,42,16,15,14,22,15,16,0
35,38,15,15,14,20,14,15,0
38,38,15,16,15,20,15,17,0
43,43,14,15,14,18,13,14,0
48,40,14,16,15,19,12,15,0
47,43,14,15,15,18,15,16,0
52,46,13,15,15,24,16,15,0
53,49,13,15,13,25,16,13,0
53,41,13,17,13,25,16,16,0
45,40,13,15,12,26,17,15,0
